--- ⏭ RepoOS: Skipping Ingestion & Compilation (Resuming from Cache) ---

--- 🚀 RepoOS: Stage 3 (Drop-in Hijack & Execution) ---
Running: revenue_app/main.py
--- 🚀 Booting Poly-Kernel OS Hijacker for 'revenue_app' ---
[Orchestrator] 🚀 Booting Zero-Overhead Registry...
[Orchestrator] ✅ Pre-loaded 6 accelerated targets into memory.
--- ✅ Hijacker Active. Awaiting standard Python execution. ---

[Hijacker] 🕵️ Intercepted loading of module: revenue_app
[Hijacker] 1. Fast AST Chunking (Skipping Neo4j overhead)...
[Hijacker] 2. Attached SHADOW JIT Trampolines to 'revenue_app'.


[Hijacker] 🕵️ Intercepted loading of module: revenue_app.models
[Hijacker] 1. Fast AST Chunking (Skipping Neo4j overhead)...

[Hijacker] 🕵️ Intercepted loading of module: revenue_app.database
[Hijacker] 1. Fast AST Chunking (Skipping Neo4j overhead)...
[Hijacker] 2. Attached SHADOW JIT Trampolines to 'revenue_app.database'.

[Hijacker] 2. Attached SHADOW JIT Trampolines to 'revenue_app.models'.


[Hijacker] 🕵️ Intercepted loading of module: revenue_app.main
[Hijacker] 1. Fast AST Chunking (Skipping Neo4j overhead)...
--- 🚀 [RepoOS] Accelerated Target Detected: revenue_app.main.get_revenue [TABULAR] ---
      [Orchestrator] Binding C-ABI for revenue_app.main.get_revenue
/opt/homebrew/Cellar/python@3.12/3.12.13_2/Frameworks/Python.framework/Versions/3.12/lib/python3.12/inspect.py:592: PreviewWarning: GqlStatusObject is part of GQLSTATUS support, which is a preview feature. It might be changed without following the deprecation policy. See also https://github.com/neo4j/neo4j-python-driver/wiki/preview-features.
  value = getter(object, key)
/opt/homebrew/Cellar/python@3.12/3.12.13_2/Frameworks/Python.framework/Versions/3.12/lib/python3.12/inspect.py:592: PreviewWarning: NotificationClassification is part of GQLSTATUS support, which is a preview feature. It might be changed without following the deprecation policy. See also https://github.com/neo4j/neo4j-python-driver/wiki/preview-features.
  value = getter(object, key)
/opt/homebrew/Cellar/python@3.12/3.12.13_2/Frameworks/Python.framework/Versions/3.12/lib/python3.12/inspect.py:592: PreviewWarning: NotificationDisabledClassification is part of GQLSTATUS support, which is a preview feature. It might be changed without following the deprecation policy. See also https://github.com/neo4j/neo4j-python-driver/wiki/preview-features.
  value = getter(object, key)
/opt/homebrew/Cellar/python@3.12/3.12.13_2/Frameworks/Python.framework/Versions/3.12/lib/python3.12/inspect.py:592: CryptographyDeprecationWarning: SECT163K1 will be removed in the next release.
  value = getter(object, key)
/opt/homebrew/Cellar/python@3.12/3.12.13_2/Frameworks/Python.framework/Versions/3.12/lib/python3.12/inspect.py:592: CryptographyDeprecationWarning: SECT163R2 will be removed in the next release.
  value = getter(object, key)
/opt/homebrew/Cellar/python@3.12/3.12.13_2/Frameworks/Python.framework/Versions/3.12/lib/python3.12/inspect.py:592: CryptographyDeprecationWarning: SECT233K1 will be removed in the next release.
  value = getter(object, key)
/opt/homebrew/Cellar/python@3.12/3.12.13_2/Frameworks/Python.framework/Versions/3.12/lib/python3.12/inspect.py:592: CryptographyDeprecationWarning: SECT233R1 will be removed in the next release.
  value = getter(object, key)
/opt/homebrew/Cellar/python@3.12/3.12.13_2/Frameworks/Python.framework/Versions/3.12/lib/python3.12/inspect.py:592: CryptographyDeprecationWarning: SECT283K1 will be removed in the next release.
  value = getter(object, key)
/opt/homebrew/Cellar/python@3.12/3.12.13_2/Frameworks/Python.framework/Versions/3.12/lib/python3.12/inspect.py:592: CryptographyDeprecationWarning: SECT283R1 will be removed in the next release.
  value = getter(object, key)
/opt/homebrew/Cellar/python@3.12/3.12.13_2/Frameworks/Python.framework/Versions/3.12/lib/python3.12/inspect.py:592: CryptographyDeprecationWarning: SECT409K1 will be removed in the next release.
  value = getter(object, key)
/opt/homebrew/Cellar/python@3.12/3.12.13_2/Frameworks/Python.framework/Versions/3.12/lib/python3.12/inspect.py:592: CryptographyDeprecationWarning: SECT409R1 will be removed in the next release.
  value = getter(object, key)
/opt/homebrew/Cellar/python@3.12/3.12.13_2/Frameworks/Python.framework/Versions/3.12/lib/python3.12/inspect.py:592: CryptographyDeprecationWarning: SECT571K1 will be removed in the next release.
  value = getter(object, key)
/opt/homebrew/Cellar/python@3.12/3.12.13_2/Frameworks/Python.framework/Versions/3.12/lib/python3.12/inspect.py:592: CryptographyDeprecationWarning: SECT571R1 will be removed in the next release.
  value = getter(object, key)
/opt/homebrew/Cellar/python@3.12/3.12.13_2/Frameworks/Python.framework/Versions/3.12/lib/python3.12/inspect.py:592: CryptographyDeprecationWarning: ARC4 has been moved to cryptography.hazmat.decrepit.ciphers.algorithms.ARC4 and will be removed from cryptography.hazmat.primitives.ciphers.algorithms in 48.0.0.
  value = getter(object, key)
/opt/homebrew/Cellar/python@3.12/3.12.13_2/Frameworks/Python.framework/Versions/3.12/lib/python3.12/inspect.py:592: CryptographyDeprecationWarning: TripleDES has been moved to cryptography.hazmat.decrepit.ciphers.algorithms.TripleDES and will be removed from cryptography.hazmat.primitives.ciphers.algorithms in 48.0.0.
  value = getter(object, key)
[Hijacker] 2. Attached SHADOW JIT Trampolines to 'revenue_app.main'.


--- 🚀 [Orchestrator] Intercepted execution of revenue_app.main.get_revenue [TABULAR] ---
[Hijacker] 🗄️ Bypassing standard driver. Initiating Universal Wire bypass...
      📊 Universal Wire Decoder Benchmark:
         - TCP Packet Stream -> SoA Allocation -> MLIR SIMD Math: 9.0975 ms

--- 🚀 [Orchestrator] Intercepted execution of revenue_app.main.get_revenue [TABULAR] ---
[Hijacker] 🗄️ Bypassing standard driver. Initiating Universal Wire bypass...
      📊 Universal Wire Decoder Benchmark:
         - TCP Packet Stream -> SoA Allocation -> MLIR SIMD Math: 5.1370 ms

--- 🚀 [Orchestrator] Intercepted execution of revenue_app.main.get_revenue [TABULAR] ---
[Hijacker] 🗄️ Bypassing standard driver. Initiating Universal Wire bypass...
      📊 Universal Wire Decoder Benchmark:
         - TCP Packet Stream -> SoA Allocation -> MLIR SIMD Math: 5.0460 ms

--- 🚀 [Orchestrator] Intercepted execution of revenue_app.main.get_revenue [TABULAR] ---
[Hijacker] 🗄️ Bypassing standard driver. Initiating Universal Wire bypass...
      📊 Universal Wire Decoder Benchmark:
         - TCP Packet Stream -> SoA Allocation -> MLIR SIMD Math: 4.9498 ms

--- 🚀 [Orchestrator] Intercepted execution of revenue_app.main.get_revenue [TABULAR] ---
[Hijacker] 🗄️ Bypassing standard driver. Initiating Universal Wire bypass...
      📊 Universal Wire Decoder Benchmark:
         - TCP Packet Stream -> SoA Allocation -> MLIR SIMD Math: 4.8625 ms

--- 🚀 [Orchestrator] Intercepted execution of revenue_app.main.get_revenue [TABULAR] ---
[Hijacker] 🗄️ Bypassing standard driver. Initiating Universal Wire bypass...
      📊 Universal Wire Decoder Benchmark:
         - TCP Packet Stream -> SoA Allocation -> MLIR SIMD Math: 5.0031 ms

--- 🚀 [Orchestrator] Intercepted execution of revenue_app.main.get_revenue [TABULAR] ---
[Hijacker] 🗄️ Bypassing standard driver. Initiating Universal Wire bypass...
      📊 Universal Wire Decoder Benchmark:
         - TCP Packet Stream -> SoA Allocation -> MLIR SIMD Math: 5.1161 ms

--- 🚀 [Orchestrator] Intercepted execution of revenue_app.main.get_revenue [TABULAR] ---
[Hijacker] 🗄️ Bypassing standard driver. Initiating Universal Wire bypass...
      📊 Universal Wire Decoder Benchmark:
         - TCP Packet Stream -> SoA Allocation -> MLIR SIMD Math: 5.0127 ms

--- 🚀 [Orchestrator] Intercepted execution of revenue_app.main.get_revenue [TABULAR] ---
[Hijacker] 🗄️ Bypassing standard driver. Initiating Universal Wire bypass...
      📊 Universal Wire Decoder Benchmark:
         - TCP Packet Stream -> SoA Allocation -> MLIR SIMD Math: 5.4160 ms

--- 🚀 [Orchestrator] Intercepted execution of revenue_app.main.get_revenue [TABULAR] ---
[Hijacker] 🗄️ Bypassing standard driver. Initiating Universal Wire bypass...
      📊 Universal Wire Decoder Benchmark:
         - TCP Packet Stream -> SoA Allocation -> MLIR SIMD Math: 4.8774 ms

--- 🚀 [Orchestrator] Intercepted execution of revenue_app.main.get_revenue [TABULAR] ---
[Hijacker] 🗄️ Bypassing standard driver. Initiating Universal Wire bypass...
      📊 Universal Wire Decoder Benchmark:
         - TCP Packet Stream -> SoA Allocation -> MLIR SIMD Math: 4.7540 ms

--- 🚀 [Orchestrator] Intercepted execution of revenue_app.main.get_revenue [TABULAR] ---
[Hijacker] 🗄️ Bypassing standard driver. Initiating Universal Wire bypass...
      📊 Universal Wire Decoder Benchmark:
         - TCP Packet Stream -> SoA Allocation -> MLIR SIMD Math: 4.7170 ms

--- 🚀 [Orchestrator] Intercepted execution of revenue_app.main.get_revenue [TABULAR] ---
[Hijacker] 🗄️ Bypassing standard driver. Initiating Universal Wire bypass...
      📊 Universal Wire Decoder Benchmark:
         - TCP Packet Stream -> SoA Allocation -> MLIR SIMD Math: 4.6432 ms

--- 🚀 [Orchestrator] Intercepted execution of revenue_app.main.get_revenue [TABULAR] ---
[Hijacker] 🗄️ Bypassing standard driver. Initiating Universal Wire bypass...
      📊 Universal Wire Decoder Benchmark:
         - TCP Packet Stream -> SoA Allocation -> MLIR SIMD Math: 4.4682 ms

--- 🚀 [Orchestrator] Intercepted execution of revenue_app.main.get_revenue [TABULAR] ---
[Hijacker] 🗄️ Bypassing standard driver. Initiating Universal Wire bypass...
      📊 Universal Wire Decoder Benchmark:
         - TCP Packet Stream -> SoA Allocation -> MLIR SIMD Math: 4.5929 ms

--- 🚀 [Orchestrator] Intercepted execution of revenue_app.main.get_revenue [TABULAR] ---
[Hijacker] 🗄️ Bypassing standard driver. Initiating Universal Wire bypass...
      📊 Universal Wire Decoder Benchmark:
         - TCP Packet Stream -> SoA Allocation -> MLIR SIMD Math: 6.1595 ms

--- 🚀 [Orchestrator] Intercepted execution of revenue_app.main.get_revenue [TABULAR] ---
[Hijacker] 🗄️ Bypassing standard driver. Initiating Universal Wire bypass...
      📊 Universal Wire Decoder Benchmark:
         - TCP Packet Stream -> SoA Allocation -> MLIR SIMD Math: 4.4124 ms

--- 🚀 [Orchestrator] Intercepted execution of revenue_app.main.get_revenue [TABULAR] ---
[Hijacker] 🗄️ Bypassing standard driver. Initiating Universal Wire bypass...
      📊 Universal Wire Decoder Benchmark:
         - TCP Packet Stream -> SoA Allocation -> MLIR SIMD Math: 4.6035 ms

--- 🚀 [Orchestrator] Intercepted execution of revenue_app.main.get_revenue [TABULAR] ---
[Hijacker] 🗄️ Bypassing standard driver. Initiating Universal Wire bypass...
      📊 Universal Wire Decoder Benchmark:
         - TCP Packet Stream -> SoA Allocation -> MLIR SIMD Math: 4.3306 ms

--- 🚀 [Orchestrator] Intercepted execution of revenue_app.main.get_revenue [TABULAR] ---
[Hijacker] 🗄️ Bypassing standard driver. Initiating Universal Wire bypass...
      📊 Universal Wire Decoder Benchmark:
         - TCP Packet Stream -> SoA Allocation -> MLIR SIMD Math: 4.4345 ms

--- 🚀 [Orchestrator] Intercepted execution of revenue_app.main.get_revenue [TABULAR] ---
[Hijacker] 🗄️ Bypassing standard driver. Initiating Universal Wire bypass...
      📊 Universal Wire Decoder Benchmark:
         - TCP Packet Stream -> SoA Allocation -> MLIR SIMD Math: 4.3470 ms

--- 🚀 [Orchestrator] Intercepted execution of revenue_app.main.get_revenue [TABULAR] ---
[Hijacker] 🗄️ Bypassing standard driver. Initiating Universal Wire bypass...
      📊 Universal Wire Decoder Benchmark:
         - TCP Packet Stream -> SoA Allocation -> MLIR SIMD Math: 4.4575 ms

--- 🚀 [Orchestrator] Intercepted execution of revenue_app.main.get_revenue [TABULAR] ---
[Hijacker] 🗄️ Bypassing standard driver. Initiating Universal Wire bypass...
      📊 Universal Wire Decoder Benchmark:
         - TCP Packet Stream -> SoA Allocation -> MLIR SIMD Math: 4.7373 ms

--- 🚀 [Orchestrator] Intercepted execution of revenue_app.main.get_revenue [TABULAR] ---
[Hijacker] 🗄️ Bypassing standard driver. Initiating Universal Wire bypass...
      📊 Universal Wire Decoder Benchmark:
         - TCP Packet Stream -> SoA Allocation -> MLIR SIMD Math: 4.3022 ms

--- 🚀 [Orchestrator] Intercepted execution of revenue_app.main.get_revenue [TABULAR] ---
[Hijacker] 🗄️ Bypassing standard driver. Initiating Universal Wire bypass...
      📊 Universal Wire Decoder Benchmark:
         - TCP Packet Stream -> SoA Allocation -> MLIR SIMD Math: 4.3322 ms

--- 🚀 [Orchestrator] Intercepted execution of revenue_app.main.get_revenue [TABULAR] ---
[Hijacker] 🗄️ Bypassing standard driver. Initiating Universal Wire bypass...
      📊 Universal Wire Decoder Benchmark:
         - TCP Packet Stream -> SoA Allocation -> MLIR SIMD Math: 4.3900 ms

--- 🚀 [Orchestrator] Intercepted execution of revenue_app.main.get_revenue [TABULAR] ---
[Hijacker] 🗄️ Bypassing standard driver. Initiating Universal Wire bypass...
      📊 Universal Wire Decoder Benchmark:
         - TCP Packet Stream -> SoA Allocation -> MLIR SIMD Math: 4.3317 ms

--- 🚀 [Orchestrator] Intercepted execution of revenue_app.main.get_revenue [TABULAR] ---
[Hijacker] 🗄️ Bypassing standard driver. Initiating Universal Wire bypass...
      📊 Universal Wire Decoder Benchmark:
         - TCP Packet Stream -> SoA Allocation -> MLIR SIMD Math: 4.5737 ms

--- 🚀 [Orchestrator] Intercepted execution of revenue_app.main.get_revenue [TABULAR] ---
[Hijacker] 🗄️ Bypassing standard driver. Initiating Universal Wire bypass...
      📊 Universal Wire Decoder Benchmark:
         - TCP Packet Stream -> SoA Allocation -> MLIR SIMD Math: 5.6687 ms

--- 🚀 [Orchestrator] Intercepted execution of revenue_app.main.get_revenue [TABULAR] ---
[Hijacker] 🗄️ Bypassing standard driver. Initiating Universal Wire bypass...
      📊 Universal Wire Decoder Benchmark:
         - TCP Packet Stream -> SoA Allocation -> MLIR SIMD Math: 4.3619 ms

--- 🚀 [Orchestrator] Intercepted execution of revenue_app.main.get_revenue [TABULAR] ---
[Hijacker] 🗄️ Bypassing standard driver. Initiating Universal Wire bypass...
      📊 Universal Wire Decoder Benchmark:
         - TCP Packet Stream -> SoA Allocation -> MLIR SIMD Math: 4.8030 ms

--- 🚀 [Orchestrator] Intercepted execution of revenue_app.main.get_revenue [TABULAR] ---
[Hijacker] 🗄️ Bypassing standard driver. Initiating Universal Wire bypass...
      📊 Universal Wire Decoder Benchmark:
         - TCP Packet Stream -> SoA Allocation -> MLIR SIMD Math: 4.4742 ms

--- 🚀 [Orchestrator] Intercepted execution of revenue_app.main.get_revenue [TABULAR] ---
[Hijacker] 🗄️ Bypassing standard driver. Initiating Universal Wire bypass...
      📊 Universal Wire Decoder Benchmark:
         - TCP Packet Stream -> SoA Allocation -> MLIR SIMD Math: 10.0321 ms

--- 🚀 [Orchestrator] Intercepted execution of revenue_app.main.get_revenue [TABULAR] ---
[Hijacker] 🗄️ Bypassing standard driver. Initiating Universal Wire bypass...
      📊 Universal Wire Decoder Benchmark:
         - TCP Packet Stream -> SoA Allocation -> MLIR SIMD Math: 4.8617 ms

--- 🚀 [Orchestrator] Intercepted execution of revenue_app.main.get_revenue [TABULAR] ---
[Hijacker] 🗄️ Bypassing standard driver. Initiating Universal Wire bypass...
      📊 Universal Wire Decoder Benchmark:
         - TCP Packet Stream -> SoA Allocation -> MLIR SIMD Math: 4.5436 ms

--- 🚀 [Orchestrator] Intercepted execution of revenue_app.main.get_revenue [TABULAR] ---
[Hijacker] 🗄️ Bypassing standard driver. Initiating Universal Wire bypass...
      📊 Universal Wire Decoder Benchmark:
         - TCP Packet Stream -> SoA Allocation -> MLIR SIMD Math: 4.3762 ms

--- 🚀 [Orchestrator] Intercepted execution of revenue_app.main.get_revenue [TABULAR] ---
[Hijacker] 🗄️ Bypassing standard driver. Initiating Universal Wire bypass...
      📊 Universal Wire Decoder Benchmark:
         - TCP Packet Stream -> SoA Allocation -> MLIR SIMD Math: 4.3370 ms

--- 🚀 [Orchestrator] Intercepted execution of revenue_app.main.get_revenue [TABULAR] ---
[Hijacker] 🗄️ Bypassing standard driver. Initiating Universal Wire bypass...
      📊 Universal Wire Decoder Benchmark:
         - TCP Packet Stream -> SoA Allocation -> MLIR SIMD Math: 4.3992 ms

--- 🚀 [Orchestrator] Intercepted execution of revenue_app.main.get_revenue [TABULAR] ---
[Hijacker] 🗄️ Bypassing standard driver. Initiating Universal Wire bypass...
      📊 Universal Wire Decoder Benchmark:
         - TCP Packet Stream -> SoA Allocation -> MLIR SIMD Math: 4.8902 ms

--- 🚀 [Orchestrator] Intercepted execution of revenue_app.main.get_revenue [TABULAR] ---
[Hijacker] 🗄️ Bypassing standard driver. Initiating Universal Wire bypass...
      📊 Universal Wire Decoder Benchmark:
         - TCP Packet Stream -> SoA Allocation -> MLIR SIMD Math: 4.4553 ms

--- 🚀 [Orchestrator] Intercepted execution of revenue_app.main.get_revenue [TABULAR] ---
[Hijacker] 🗄️ Bypassing standard driver. Initiating Universal Wire bypass...
      📊 Universal Wire Decoder Benchmark:
         - TCP Packet Stream -> SoA Allocation -> MLIR SIMD Math: 4.2600 ms

--- 🚀 [Orchestrator] Intercepted execution of revenue_app.main.get_revenue [TABULAR] ---
[Hijacker] 🗄️ Bypassing standard driver. Initiating Universal Wire bypass...
      📊 Universal Wire Decoder Benchmark:
         - TCP Packet Stream -> SoA Allocation -> MLIR SIMD Math: 5.8613 ms

--- 🚀 [Orchestrator] Intercepted execution of revenue_app.main.get_revenue [TABULAR] ---
[Hijacker] 🗄️ Bypassing standard driver. Initiating Universal Wire bypass...
      📊 Universal Wire Decoder Benchmark:
         - TCP Packet Stream -> SoA Allocation -> MLIR SIMD Math: 4.4400 ms

--- 🚀 [Orchestrator] Intercepted execution of revenue_app.main.get_revenue [TABULAR] ---
[Hijacker] 🗄️ Bypassing standard driver. Initiating Universal Wire bypass...
      📊 Universal Wire Decoder Benchmark:
         - TCP Packet Stream -> SoA Allocation -> MLIR SIMD Math: 4.7823 ms

--- 🚀 [Orchestrator] Intercepted execution of revenue_app.main.get_revenue [TABULAR] ---
[Hijacker] 🗄️ Bypassing standard driver. Initiating Universal Wire bypass...
      📊 Universal Wire Decoder Benchmark:
         - TCP Packet Stream -> SoA Allocation -> MLIR SIMD Math: 4.2829 ms

--- 🚀 [Orchestrator] Intercepted execution of revenue_app.main.get_revenue [TABULAR] ---
[Hijacker] 🗄️ Bypassing standard driver. Initiating Universal Wire bypass...
      📊 Universal Wire Decoder Benchmark:
         - TCP Packet Stream -> SoA Allocation -> MLIR SIMD Math: 4.3147 ms

--- 🚀 [Orchestrator] Intercepted execution of revenue_app.main.get_revenue [TABULAR] ---
[Hijacker] 🗄️ Bypassing standard driver. Initiating Universal Wire bypass...
      📊 Universal Wire Decoder Benchmark:
         - TCP Packet Stream -> SoA Allocation -> MLIR SIMD Math: 4.3948 ms

--- 🚀 [Orchestrator] Intercepted execution of revenue_app.main.get_revenue [TABULAR] ---
[Hijacker] 🗄️ Bypassing standard driver. Initiating Universal Wire bypass...
      📊 Universal Wire Decoder Benchmark:
         - TCP Packet Stream -> SoA Allocation -> MLIR SIMD Math: 4.3644 ms

--- 🚀 [Orchestrator] Intercepted execution of revenue_app.main.get_revenue [TABULAR] ---
[Hijacker] 🗄️ Bypassing standard driver. Initiating Universal Wire bypass...
      📊 Universal Wire Decoder Benchmark:
         - TCP Packet Stream -> SoA Allocation -> MLIR SIMD Math: 4.6322 ms

--- 🚀 [Orchestrator] Intercepted execution of revenue_app.main.get_revenue [TABULAR] ---
[Hijacker] 🗄️ Bypassing standard driver. Initiating Universal Wire bypass...
      📊 Universal Wire Decoder Benchmark:
         - TCP Packet Stream -> SoA Allocation -> MLIR SIMD Math: 4.3904 ms

--- 🚀 [Orchestrator] Intercepted execution of revenue_app.main.get_revenue [TABULAR] ---
[Hijacker] 🗄️ Bypassing standard driver. Initiating Universal Wire bypass...
      📊 Universal Wire Decoder Benchmark:
         - TCP Packet Stream -> SoA Allocation -> MLIR SIMD Math: 4.5016 ms

--- 🚀 [Orchestrator] Intercepted execution of revenue_app.main.get_revenue [TABULAR] ---
[Hijacker] 🗄️ Bypassing standard driver. Initiating Universal Wire bypass...
      📊 Universal Wire Decoder Benchmark:
         - TCP Packet Stream -> SoA Allocation -> MLIR SIMD Math: 4.5855 ms

--- 🚀 [Orchestrator] Intercepted execution of revenue_app.main.get_revenue [TABULAR] ---
[Hijacker] 🗄️ Bypassing standard driver. Initiating Universal Wire bypass...
      📊 Universal Wire Decoder Benchmark:
         - TCP Packet Stream -> SoA Allocation -> MLIR SIMD Math: 4.3369 ms

--- 🚀 [Orchestrator] Intercepted execution of revenue_app.main.get_revenue [TABULAR] ---
[Hijacker] 🗄️ Bypassing standard driver. Initiating Universal Wire bypass...
      📊 Universal Wire Decoder Benchmark:
         - TCP Packet Stream -> SoA Allocation -> MLIR SIMD Math: 4.3801 ms

--- 🚀 [Orchestrator] Intercepted execution of revenue_app.main.get_revenue [TABULAR] ---
[Hijacker] 🗄️ Bypassing standard driver. Initiating Universal Wire bypass...
      📊 Universal Wire Decoder Benchmark:
         - TCP Packet Stream -> SoA Allocation -> MLIR SIMD Math: 4.4182 ms

--- 🚀 [Orchestrator] Intercepted execution of revenue_app.main.get_revenue [TABULAR] ---
[Hijacker] 🗄️ Bypassing standard driver. Initiating Universal Wire bypass...
      📊 Universal Wire Decoder Benchmark:
         - TCP Packet Stream -> SoA Allocation -> MLIR SIMD Math: 5.7540 ms

--- 🚀 [Orchestrator] Intercepted execution of revenue_app.main.get_revenue [TABULAR] ---
[Hijacker] 🗄️ Bypassing standard driver. Initiating Universal Wire bypass...
      📊 Universal Wire Decoder Benchmark:
         - TCP Packet Stream -> SoA Allocation -> MLIR SIMD Math: 4.5620 ms

--- 🚀 [Orchestrator] Intercepted execution of revenue_app.main.get_revenue [TABULAR] ---
[Hijacker] 🗄️ Bypassing standard driver. Initiating Universal Wire bypass...
      📊 Universal Wire Decoder Benchmark:
         - TCP Packet Stream -> SoA Allocation -> MLIR SIMD Math: 4.3763 ms

--- 🚀 [Orchestrator] Intercepted execution of revenue_app.main.get_revenue [TABULAR] ---
[Hijacker] 🗄️ Bypassing standard driver. Initiating Universal Wire bypass...
      📊 Universal Wire Decoder Benchmark:
         - TCP Packet Stream -> SoA Allocation -> MLIR SIMD Math: 4.3880 ms

--- 🚀 [Orchestrator] Intercepted execution of revenue_app.main.get_revenue [TABULAR] ---
[Hijacker] 🗄️ Bypassing standard driver. Initiating Universal Wire bypass...
      📊 Universal Wire Decoder Benchmark:
         - TCP Packet Stream -> SoA Allocation -> MLIR SIMD Math: 4.3460 ms

--- 🚀 [Orchestrator] Intercepted execution of revenue_app.main.get_revenue [TABULAR] ---
[Hijacker] 🗄️ Bypassing standard driver. Initiating Universal Wire bypass...
      📊 Universal Wire Decoder Benchmark:
         - TCP Packet Stream -> SoA Allocation -> MLIR SIMD Math: 4.4389 ms

--- 🚀 [Orchestrator] Intercepted execution of revenue_app.main.get_revenue [TABULAR] ---
[Hijacker] 🗄️ Bypassing standard driver. Initiating Universal Wire bypass...
      📊 Universal Wire Decoder Benchmark:
         - TCP Packet Stream -> SoA Allocation -> MLIR SIMD Math: 4.5736 ms

--- 🚀 [Orchestrator] Intercepted execution of revenue_app.main.get_revenue [TABULAR] ---
[Hijacker] 🗄️ Bypassing standard driver. Initiating Universal Wire bypass...
      📊 Universal Wire Decoder Benchmark:
         - TCP Packet Stream -> SoA Allocation -> MLIR SIMD Math: 4.3116 ms

--- 🚀 [Orchestrator] Intercepted execution of revenue_app.main.get_revenue [TABULAR] ---
[Hijacker] 🗄️ Bypassing standard driver. Initiating Universal Wire bypass...
      📊 Universal Wire Decoder Benchmark:
         - TCP Packet Stream -> SoA Allocation -> MLIR SIMD Math: 4.3444 ms

--- 🚀 [Orchestrator] Intercepted execution of revenue_app.main.get_revenue [TABULAR] ---
[Hijacker] 🗄️ Bypassing standard driver. Initiating Universal Wire bypass...
      📊 Universal Wire Decoder Benchmark:
         - TCP Packet Stream -> SoA Allocation -> MLIR SIMD Math: 4.3838 ms

--- 🚀 [Orchestrator] Intercepted execution of revenue_app.main.get_revenue [TABULAR] ---
[Hijacker] 🗄️ Bypassing standard driver. Initiating Universal Wire bypass...
      📊 Universal Wire Decoder Benchmark:
         - TCP Packet Stream -> SoA Allocation -> MLIR SIMD Math: 4.3329 ms

--- 🚀 [Orchestrator] Intercepted execution of revenue_app.main.get_revenue [TABULAR] ---
[Hijacker] 🗄️ Bypassing standard driver. Initiating Universal Wire bypass...
      📊 Universal Wire Decoder Benchmark:
         - TCP Packet Stream -> SoA Allocation -> MLIR SIMD Math: 4.5065 ms

--- 🚀 [Orchestrator] Intercepted execution of revenue_app.main.get_revenue [TABULAR] ---
[Hijacker] 🗄️ Bypassing standard driver. Initiating Universal Wire bypass...
      📊 Universal Wire Decoder Benchmark:
         - TCP Packet Stream -> SoA Allocation -> MLIR SIMD Math: 4.5020 ms

--- 🚀 [Orchestrator] Intercepted execution of revenue_app.main.get_revenue [TABULAR] ---
[Hijacker] 🗄️ Bypassing standard driver. Initiating Universal Wire bypass...
      📊 Universal Wire Decoder Benchmark:
         - TCP Packet Stream -> SoA Allocation -> MLIR SIMD Math: 4.7898 ms

--- 🚀 [Orchestrator] Intercepted execution of revenue_app.main.get_revenue [TABULAR] ---
[Hijacker] 🗄️ Bypassing standard driver. Initiating Universal Wire bypass...
      📊 Universal Wire Decoder Benchmark:
         - TCP Packet Stream -> SoA Allocation -> MLIR SIMD Math: 6.2635 ms

--- 🚀 [Orchestrator] Intercepted execution of revenue_app.main.get_revenue [TABULAR] ---
[Hijacker] 🗄️ Bypassing standard driver. Initiating Universal Wire bypass...
      📊 Universal Wire Decoder Benchmark:
         - TCP Packet Stream -> SoA Allocation -> MLIR SIMD Math: 4.4187 ms

--- 🚀 [Orchestrator] Intercepted execution of revenue_app.main.get_revenue [TABULAR] ---
[Hijacker] 🗄️ Bypassing standard driver. Initiating Universal Wire bypass...
      📊 Universal Wire Decoder Benchmark:
         - TCP Packet Stream -> SoA Allocation -> MLIR SIMD Math: 4.5892 ms

--- 🚀 [Orchestrator] Intercepted execution of revenue_app.main.get_revenue [TABULAR] ---
[Hijacker] 🗄️ Bypassing standard driver. Initiating Universal Wire bypass...
      📊 Universal Wire Decoder Benchmark:
         - TCP Packet Stream -> SoA Allocation -> MLIR SIMD Math: 4.3507 ms

--- 🚀 [Orchestrator] Intercepted execution of revenue_app.main.get_revenue [TABULAR] ---
[Hijacker] 🗄️ Bypassing standard driver. Initiating Universal Wire bypass...
      📊 Universal Wire Decoder Benchmark:
         - TCP Packet Stream -> SoA Allocation -> MLIR SIMD Math: 4.2990 ms

--- 🚀 [Orchestrator] Intercepted execution of revenue_app.main.get_revenue [TABULAR] ---
[Hijacker] 🗄️ Bypassing standard driver. Initiating Universal Wire bypass...
      📊 Universal Wire Decoder Benchmark:
         - TCP Packet Stream -> SoA Allocation -> MLIR SIMD Math: 4.2987 ms

--- 🚀 [Orchestrator] Intercepted execution of revenue_app.main.get_revenue [TABULAR] ---
[Hijacker] 🗄️ Bypassing standard driver. Initiating Universal Wire bypass...
      📊 Universal Wire Decoder Benchmark:
         - TCP Packet Stream -> SoA Allocation -> MLIR SIMD Math: 4.3864 ms

--- 🚀 [Orchestrator] Intercepted execution of revenue_app.main.get_revenue [TABULAR] ---
[Hijacker] 🗄️ Bypassing standard driver. Initiating Universal Wire bypass...
      📊 Universal Wire Decoder Benchmark:
         - TCP Packet Stream -> SoA Allocation -> MLIR SIMD Math: 4.7637 ms

--- 🚀 [Orchestrator] Intercepted execution of revenue_app.main.get_revenue [TABULAR] ---
[Hijacker] 🗄️ Bypassing standard driver. Initiating Universal Wire bypass...
      📊 Universal Wire Decoder Benchmark:
         - TCP Packet Stream -> SoA Allocation -> MLIR SIMD Math: 4.4607 ms

--- 🚀 [Orchestrator] Intercepted execution of revenue_app.main.get_revenue [TABULAR] ---
[Hijacker] 🗄️ Bypassing standard driver. Initiating Universal Wire bypass...
      📊 Universal Wire Decoder Benchmark:
         - TCP Packet Stream -> SoA Allocation -> MLIR SIMD Math: 4.9158 ms

--- 🚀 [Orchestrator] Intercepted execution of revenue_app.main.get_revenue [TABULAR] ---
[Hijacker] 🗄️ Bypassing standard driver. Initiating Universal Wire bypass...
      📊 Universal Wire Decoder Benchmark:
         - TCP Packet Stream -> SoA Allocation -> MLIR SIMD Math: 4.3911 ms

--- 🚀 [Orchestrator] Intercepted execution of revenue_app.main.get_revenue [TABULAR] ---
[Hijacker] 🗄️ Bypassing standard driver. Initiating Universal Wire bypass...
      📊 Universal Wire Decoder Benchmark:
         - TCP Packet Stream -> SoA Allocation -> MLIR SIMD Math: 4.3231 ms

--- 🚀 [Orchestrator] Intercepted execution of revenue_app.main.get_revenue [TABULAR] ---
[Hijacker] 🗄️ Bypassing standard driver. Initiating Universal Wire bypass...
      📊 Universal Wire Decoder Benchmark:
         - TCP Packet Stream -> SoA Allocation -> MLIR SIMD Math: 4.4105 ms

--- 🚀 [Orchestrator] Intercepted execution of revenue_app.main.get_revenue [TABULAR] ---
[Hijacker] 🗄️ Bypassing standard driver. Initiating Universal Wire bypass...
      📊 Universal Wire Decoder Benchmark:
         - TCP Packet Stream -> SoA Allocation -> MLIR SIMD Math: 4.8637 ms

--- 🚀 [Orchestrator] Intercepted execution of revenue_app.main.get_revenue [TABULAR] ---
[Hijacker] 🗄️ Bypassing standard driver. Initiating Universal Wire bypass...
      📊 Universal Wire Decoder Benchmark:
         - TCP Packet Stream -> SoA Allocation -> MLIR SIMD Math: 6.4524 ms

--- 🚀 [Orchestrator] Intercepted execution of revenue_app.main.get_revenue [TABULAR] ---
[Hijacker] 🗄️ Bypassing standard driver. Initiating Universal Wire bypass...
      📊 Universal Wire Decoder Benchmark:
         - TCP Packet Stream -> SoA Allocation -> MLIR SIMD Math: 4.3809 ms

--- 🚀 [Orchestrator] Intercepted execution of revenue_app.main.get_revenue [TABULAR] ---
[Hijacker] 🗄️ Bypassing standard driver. Initiating Universal Wire bypass...
      📊 Universal Wire Decoder Benchmark:
         - TCP Packet Stream -> SoA Allocation -> MLIR SIMD Math: 4.3370 ms

--- 🚀 [Orchestrator] Intercepted execution of revenue_app.main.get_revenue [TABULAR] ---
[Hijacker] 🗄️ Bypassing standard driver. Initiating Universal Wire bypass...
      📊 Universal Wire Decoder Benchmark:
         - TCP Packet Stream -> SoA Allocation -> MLIR SIMD Math: 4.3625 ms

--- 🚀 [Orchestrator] Intercepted execution of revenue_app.main.get_revenue [TABULAR] ---
[Hijacker] 🗄️ Bypassing standard driver. Initiating Universal Wire bypass...
      📊 Universal Wire Decoder Benchmark:
         - TCP Packet Stream -> SoA Allocation -> MLIR SIMD Math: 4.5935 ms

--- 🚀 [Orchestrator] Intercepted execution of revenue_app.main.get_revenue [TABULAR] ---
[Hijacker] 🗄️ Bypassing standard driver. Initiating Universal Wire bypass...
      📊 Universal Wire Decoder Benchmark:
         - TCP Packet Stream -> SoA Allocation -> MLIR SIMD Math: 4.4441 ms

--- 🚀 [Orchestrator] Intercepted execution of revenue_app.main.get_revenue [TABULAR] ---
[Hijacker] 🗄️ Bypassing standard driver. Initiating Universal Wire bypass...
      📊 Universal Wire Decoder Benchmark:
         - TCP Packet Stream -> SoA Allocation -> MLIR SIMD Math: 4.3616 ms

--- 🚀 [Orchestrator] Intercepted execution of revenue_app.main.get_revenue [TABULAR] ---
[Hijacker] 🗄️ Bypassing standard driver. Initiating Universal Wire bypass...
      📊 Universal Wire Decoder Benchmark:
         - TCP Packet Stream -> SoA Allocation -> MLIR SIMD Math: 4.3264 ms

--- 🚀 [Orchestrator] Intercepted execution of revenue_app.main.get_revenue [TABULAR] ---
[Hijacker] 🗄️ Bypassing standard driver. Initiating Universal Wire bypass...
      📊 Universal Wire Decoder Benchmark:
         - TCP Packet Stream -> SoA Allocation -> MLIR SIMD Math: 4.5082 ms

--- 🚀 [Orchestrator] Intercepted execution of revenue_app.main.get_revenue [TABULAR] ---
[Hijacker] 🗄️ Bypassing standard driver. Initiating Universal Wire bypass...
      📊 Universal Wire Decoder Benchmark:
         - TCP Packet Stream -> SoA Allocation -> MLIR SIMD Math: 4.6590 ms

--- 🚀 [Orchestrator] Intercepted execution of revenue_app.main.get_revenue [TABULAR] ---
[Hijacker] 🗄️ Bypassing standard driver. Initiating Universal Wire bypass...
      📊 Universal Wire Decoder Benchmark:
         - TCP Packet Stream -> SoA Allocation -> MLIR SIMD Math: 4.3723 ms

--- 🚀 [Orchestrator] Intercepted execution of revenue_app.main.get_revenue [TABULAR] ---
[Hijacker] 🗄️ Bypassing standard driver. Initiating Universal Wire bypass...
      📊 Universal Wire Decoder Benchmark:
         - TCP Packet Stream -> SoA Allocation -> MLIR SIMD Math: 4.3711 ms

--- 🚀 [Orchestrator] Intercepted execution of revenue_app.main.get_revenue [TABULAR] ---
[Hijacker] 🗄️ Bypassing standard driver. Initiating Universal Wire bypass...
      📊 Universal Wire Decoder Benchmark:
         - TCP Packet Stream -> SoA Allocation -> MLIR SIMD Math: 4.4321 ms

--- 🚀 [Orchestrator] Intercepted execution of revenue_app.main.get_revenue [TABULAR] ---
[Hijacker] 🗄️ Bypassing standard driver. Initiating Universal Wire bypass...
      📊 Universal Wire Decoder Benchmark:
         - TCP Packet Stream -> SoA Allocation -> MLIR SIMD Math: 4.3527 ms

--- 🚀 [Orchestrator] Intercepted execution of revenue_app.main.get_revenue [TABULAR] ---
[Hijacker] 🗄️ Bypassing standard driver. Initiating Universal Wire bypass...
      📊 Universal Wire Decoder Benchmark:
         - TCP Packet Stream -> SoA Allocation -> MLIR SIMD Math: 6.2265 ms

--- 🚀 [Orchestrator] Intercepted execution of revenue_app.main.get_revenue [TABULAR] ---
[Hijacker] 🗄️ Bypassing standard driver. Initiating Universal Wire bypass...
      📊 Universal Wire Decoder Benchmark:
         - TCP Packet Stream -> SoA Allocation -> MLIR SIMD Math: 4.4678 ms

--- 🚀 [Orchestrator] Intercepted execution of revenue_app.main.get_revenue [TABULAR] ---
[Hijacker] 🗄️ Bypassing standard driver. Initiating Universal Wire bypass...
      📊 Universal Wire Decoder Benchmark:
         - TCP Packet Stream -> SoA Allocation -> MLIR SIMD Math: 4.3986 ms

--- 🚀 [Orchestrator] Intercepted execution of revenue_app.main.get_revenue [TABULAR] ---
[Hijacker] 🗄️ Bypassing standard driver. Initiating Universal Wire bypass...
      📊 Universal Wire Decoder Benchmark:
         - TCP Packet Stream -> SoA Allocation -> MLIR SIMD Math: 4.6984 ms

--- 🚀 [Orchestrator] Intercepted execution of revenue_app.main.get_revenue [TABULAR] ---
[Hijacker] 🗄️ Bypassing standard driver. Initiating Universal Wire bypass...
      📊 Universal Wire Decoder Benchmark:
         - TCP Packet Stream -> SoA Allocation -> MLIR SIMD Math: 4.3813 ms

--- 🚀 [Orchestrator] Intercepted execution of revenue_app.main.get_revenue [TABULAR] ---
[Hijacker] 🗄️ Bypassing standard driver. Initiating Universal Wire bypass...
      📊 Universal Wire Decoder Benchmark:
         - TCP Packet Stream -> SoA Allocation -> MLIR SIMD Math: 4.3107 ms

--- 🚀 [Orchestrator] Intercepted execution of revenue_app.main.get_revenue [TABULAR] ---
[Hijacker] 🗄️ Bypassing standard driver. Initiating Universal Wire bypass...
      📊 Universal Wire Decoder Benchmark:
         - TCP Packet Stream -> SoA Allocation -> MLIR SIMD Math: 4.3541 ms

--- 🚀 [Orchestrator] Intercepted execution of revenue_app.main.get_revenue [TABULAR] ---
[Hijacker] 🗄️ Bypassing standard driver. Initiating Universal Wire bypass...
      📊 Universal Wire Decoder Benchmark:
         - TCP Packet Stream -> SoA Allocation -> MLIR SIMD Math: 4.5843 ms

--- 🚀 [Orchestrator] Intercepted execution of revenue_app.main.get_revenue [TABULAR] ---
[Hijacker] 🗄️ Bypassing standard driver. Initiating Universal Wire bypass...
      📊 Universal Wire Decoder Benchmark:
         - TCP Packet Stream -> SoA Allocation -> MLIR SIMD Math: 4.3866 ms

--- 🚀 [Orchestrator] Intercepted execution of revenue_app.main.get_revenue [TABULAR] ---
[Hijacker] 🗄️ Bypassing standard driver. Initiating Universal Wire bypass...
      📊 Universal Wire Decoder Benchmark:
         - TCP Packet Stream -> SoA Allocation -> MLIR SIMD Math: 4.3534 ms

--- 🚀 [Orchestrator] Intercepted execution of revenue_app.main.get_revenue [TABULAR] ---
[Hijacker] 🗄️ Bypassing standard driver. Initiating Universal Wire bypass...
      📊 Universal Wire Decoder Benchmark:
         - TCP Packet Stream -> SoA Allocation -> MLIR SIMD Math: 4.3408 ms

--- 🚀 [Orchestrator] Intercepted execution of revenue_app.main.get_revenue [TABULAR] ---
[Hijacker] 🗄️ Bypassing standard driver. Initiating Universal Wire bypass...
      📊 Universal Wire Decoder Benchmark:
         - TCP Packet Stream -> SoA Allocation -> MLIR SIMD Math: 4.5855 ms

--- 🚀 [Orchestrator] Intercepted execution of revenue_app.main.get_revenue [TABULAR] ---
[Hijacker] 🗄️ Bypassing standard driver. Initiating Universal Wire bypass...
      📊 Universal Wire Decoder Benchmark:
         - TCP Packet Stream -> SoA Allocation -> MLIR SIMD Math: 4.4634 ms

--- 🚀 [Orchestrator] Intercepted execution of revenue_app.main.get_revenue [TABULAR] ---
[Hijacker] 🗄️ Bypassing standard driver. Initiating Universal Wire bypass...
      📊 Universal Wire Decoder Benchmark:
         - TCP Packet Stream -> SoA Allocation -> MLIR SIMD Math: 4.3125 ms

--- 🚀 [Orchestrator] Intercepted execution of revenue_app.main.get_revenue [TABULAR] ---
[Hijacker] 🗄️ Bypassing standard driver. Initiating Universal Wire bypass...
      📊 Universal Wire Decoder Benchmark:
         - TCP Packet Stream -> SoA Allocation -> MLIR SIMD Math: 6.2239 ms

--- 🚀 [Orchestrator] Intercepted execution of revenue_app.main.get_revenue [TABULAR] ---
[Hijacker] 🗄️ Bypassing standard driver. Initiating Universal Wire bypass...
      📊 Universal Wire Decoder Benchmark:
         - TCP Packet Stream -> SoA Allocation -> MLIR SIMD Math: 4.3311 ms

--- 🚀 [Orchestrator] Intercepted execution of revenue_app.main.get_revenue [TABULAR] ---
[Hijacker] 🗄️ Bypassing standard driver. Initiating Universal Wire bypass...
      📊 Universal Wire Decoder Benchmark:
         - TCP Packet Stream -> SoA Allocation -> MLIR SIMD Math: 4.5800 ms

--- 🚀 [Orchestrator] Intercepted execution of revenue_app.main.get_revenue [TABULAR] ---
[Hijacker] 🗄️ Bypassing standard driver. Initiating Universal Wire bypass...
      📊 Universal Wire Decoder Benchmark:
         - TCP Packet Stream -> SoA Allocation -> MLIR SIMD Math: 4.3882 ms

--- 🚀 [Orchestrator] Intercepted execution of revenue_app.main.get_revenue [TABULAR] ---
[Hijacker] 🗄️ Bypassing standard driver. Initiating Universal Wire bypass...
      📊 Universal Wire Decoder Benchmark:
         - TCP Packet Stream -> SoA Allocation -> MLIR SIMD Math: 4.3483 ms

--- 🚀 [Orchestrator] Intercepted execution of revenue_app.main.get_revenue [TABULAR] ---
[Hijacker] 🗄️ Bypassing standard driver. Initiating Universal Wire bypass...
      📊 Universal Wire Decoder Benchmark:
         - TCP Packet Stream -> SoA Allocation -> MLIR SIMD Math: 4.5806 ms

--- 🚀 [Orchestrator] Intercepted execution of revenue_app.main.get_revenue [TABULAR] ---
[Hijacker] 🗄️ Bypassing standard driver. Initiating Universal Wire bypass...
      📊 Universal Wire Decoder Benchmark:
         - TCP Packet Stream -> SoA Allocation -> MLIR SIMD Math: 4.4922 ms

--- 🚀 [Orchestrator] Intercepted execution of revenue_app.main.get_revenue [TABULAR] ---
[Hijacker] 🗄️ Bypassing standard driver. Initiating Universal Wire bypass...
      📊 Universal Wire Decoder Benchmark:
         - TCP Packet Stream -> SoA Allocation -> MLIR SIMD Math: 4.4825 ms

--- 🚀 [Orchestrator] Intercepted execution of revenue_app.main.get_revenue [TABULAR] ---
[Hijacker] 🗄️ Bypassing standard driver. Initiating Universal Wire bypass...
      📊 Universal Wire Decoder Benchmark:
         - TCP Packet Stream -> SoA Allocation -> MLIR SIMD Math: 4.3422 ms

--- 🚀 [Orchestrator] Intercepted execution of revenue_app.main.get_revenue [TABULAR] ---
[Hijacker] 🗄️ Bypassing standard driver. Initiating Universal Wire bypass...
      📊 Universal Wire Decoder Benchmark:
         - TCP Packet Stream -> SoA Allocation -> MLIR SIMD Math: 4.5863 ms

--- 🚀 [Orchestrator] Intercepted execution of revenue_app.main.get_revenue [TABULAR] ---
[Hijacker] 🗄️ Bypassing standard driver. Initiating Universal Wire bypass...
      📊 Universal Wire Decoder Benchmark:
         - TCP Packet Stream -> SoA Allocation -> MLIR SIMD Math: 4.4027 ms

--- 🚀 [Orchestrator] Intercepted execution of revenue_app.main.get_revenue [TABULAR] ---
[Hijacker] 🗄️ Bypassing standard driver. Initiating Universal Wire bypass...
      📊 Universal Wire Decoder Benchmark:
         - TCP Packet Stream -> SoA Allocation -> MLIR SIMD Math: 4.3038 ms

--- 🚀 [Orchestrator] Intercepted execution of revenue_app.main.get_revenue [TABULAR] ---
[Hijacker] 🗄️ Bypassing standard driver. Initiating Universal Wire bypass...
      📊 Universal Wire Decoder Benchmark:
         - TCP Packet Stream -> SoA Allocation -> MLIR SIMD Math: 4.4328 ms

--- 🚀 [Orchestrator] Intercepted execution of revenue_app.main.get_revenue [TABULAR] ---
[Hijacker] 🗄️ Bypassing standard driver. Initiating Universal Wire bypass...
      📊 Universal Wire Decoder Benchmark:
         - TCP Packet Stream -> SoA Allocation -> MLIR SIMD Math: 4.6872 ms

--- 🚀 [Orchestrator] Intercepted execution of revenue_app.main.get_revenue [TABULAR] ---
[Hijacker] 🗄️ Bypassing standard driver. Initiating Universal Wire bypass...
      📊 Universal Wire Decoder Benchmark:
         - TCP Packet Stream -> SoA Allocation -> MLIR SIMD Math: 6.0671 ms

--- 🚀 [Orchestrator] Intercepted execution of revenue_app.main.get_revenue [TABULAR] ---
[Hijacker] 🗄️ Bypassing standard driver. Initiating Universal Wire bypass...
      📊 Universal Wire Decoder Benchmark:
         - TCP Packet Stream -> SoA Allocation -> MLIR SIMD Math: 4.5521 ms

--- 🚀 [Orchestrator] Intercepted execution of revenue_app.main.get_revenue [TABULAR] ---
[Hijacker] 🗄️ Bypassing standard driver. Initiating Universal Wire bypass...
      📊 Universal Wire Decoder Benchmark:
         - TCP Packet Stream -> SoA Allocation -> MLIR SIMD Math: 4.3651 ms

--- 🚀 [Orchestrator] Intercepted execution of revenue_app.main.get_revenue [TABULAR] ---
[Hijacker] 🗄️ Bypassing standard driver. Initiating Universal Wire bypass...
      📊 Universal Wire Decoder Benchmark:
         - TCP Packet Stream -> SoA Allocation -> MLIR SIMD Math: 4.4505 ms

--- 🚀 [Orchestrator] Intercepted execution of revenue_app.main.get_revenue [TABULAR] ---
[Hijacker] 🗄️ Bypassing standard driver. Initiating Universal Wire bypass...
      📊 Universal Wire Decoder Benchmark:
         - TCP Packet Stream -> SoA Allocation -> MLIR SIMD Math: 4.5407 ms

--- 🚀 [Orchestrator] Intercepted execution of revenue_app.main.get_revenue [TABULAR] ---
[Hijacker] 🗄️ Bypassing standard driver. Initiating Universal Wire bypass...
      📊 Universal Wire Decoder Benchmark:
         - TCP Packet Stream -> SoA Allocation -> MLIR SIMD Math: 4.3242 ms

--- 🚀 [Orchestrator] Intercepted execution of revenue_app.main.get_revenue [TABULAR] ---
[Hijacker] 🗄️ Bypassing standard driver. Initiating Universal Wire bypass...
      📊 Universal Wire Decoder Benchmark:
         - TCP Packet Stream -> SoA Allocation -> MLIR SIMD Math: 4.3638 ms

--- 🚀 [Orchestrator] Intercepted execution of revenue_app.main.get_revenue [TABULAR] ---
[Hijacker] 🗄️ Bypassing standard driver. Initiating Universal Wire bypass...
      📊 Universal Wire Decoder Benchmark:
         - TCP Packet Stream -> SoA Allocation -> MLIR SIMD Math: 4.4506 ms

--- 🚀 [Orchestrator] Intercepted execution of revenue_app.main.get_revenue [TABULAR] ---
[Hijacker] 🗄️ Bypassing standard driver. Initiating Universal Wire bypass...
      📊 Universal Wire Decoder Benchmark:
         - TCP Packet Stream -> SoA Allocation -> MLIR SIMD Math: 4.3602 ms

--- 🚀 [Orchestrator] Intercepted execution of revenue_app.main.get_revenue [TABULAR] ---
[Hijacker] 🗄️ Bypassing standard driver. Initiating Universal Wire bypass...
      📊 Universal Wire Decoder Benchmark:
         - TCP Packet Stream -> SoA Allocation -> MLIR SIMD Math: 4.6406 ms

--- 🚀 [Orchestrator] Intercepted execution of revenue_app.main.get_revenue [TABULAR] ---
[Hijacker] 🗄️ Bypassing standard driver. Initiating Universal Wire bypass...
      📊 Universal Wire Decoder Benchmark:
         - TCP Packet Stream -> SoA Allocation -> MLIR SIMD Math: 4.4534 ms

--- 🚀 [Orchestrator] Intercepted execution of revenue_app.main.get_revenue [TABULAR] ---
[Hijacker] 🗄️ Bypassing standard driver. Initiating Universal Wire bypass...
      📊 Universal Wire Decoder Benchmark:
         - TCP Packet Stream -> SoA Allocation -> MLIR SIMD Math: 4.3712 ms

--- 🚀 [Orchestrator] Intercepted execution of revenue_app.main.get_revenue [TABULAR] ---
[Hijacker] 🗄️ Bypassing standard driver. Initiating Universal Wire bypass...
      📊 Universal Wire Decoder Benchmark:
         - TCP Packet Stream -> SoA Allocation -> MLIR SIMD Math: 4.6960 ms

--- 🚀 [Orchestrator] Intercepted execution of revenue_app.main.get_revenue [TABULAR] ---
[Hijacker] 🗄️ Bypassing standard driver. Initiating Universal Wire bypass...
      📊 Universal Wire Decoder Benchmark:
         - TCP Packet Stream -> SoA Allocation -> MLIR SIMD Math: 4.3746 ms

--- 🚀 [Orchestrator] Intercepted execution of revenue_app.main.get_revenue [TABULAR] ---
[Hijacker] 🗄️ Bypassing standard driver. Initiating Universal Wire bypass...
      📊 Universal Wire Decoder Benchmark:
         - TCP Packet Stream -> SoA Allocation -> MLIR SIMD Math: 5.2692 ms

--- 🚀 [Orchestrator] Intercepted execution of revenue_app.main.get_revenue [TABULAR] ---
[Hijacker] 🗄️ Bypassing standard driver. Initiating Universal Wire bypass...
      📊 Universal Wire Decoder Benchmark:
         - TCP Packet Stream -> SoA Allocation -> MLIR SIMD Math: 4.6935 ms

--- 🚀 [Orchestrator] Intercepted execution of revenue_app.main.get_revenue [TABULAR] ---
[Hijacker] 🗄️ Bypassing standard driver. Initiating Universal Wire bypass...
      📊 Universal Wire Decoder Benchmark:
         - TCP Packet Stream -> SoA Allocation -> MLIR SIMD Math: 4.4075 ms

--- 🚀 [Orchestrator] Intercepted execution of revenue_app.main.get_revenue [TABULAR] ---
[Hijacker] 🗄️ Bypassing standard driver. Initiating Universal Wire bypass...
      📊 Universal Wire Decoder Benchmark:
         - TCP Packet Stream -> SoA Allocation -> MLIR SIMD Math: 4.4738 ms

--- 🚀 [Orchestrator] Intercepted execution of revenue_app.main.get_revenue [TABULAR] ---
[Hijacker] 🗄️ Bypassing standard driver. Initiating Universal Wire bypass...
      📊 Universal Wire Decoder Benchmark:
         - TCP Packet Stream -> SoA Allocation -> MLIR SIMD Math: 4.7144 ms

--- 🚀 [Orchestrator] Intercepted execution of revenue_app.main.get_revenue [TABULAR] ---
[Hijacker] 🗄️ Bypassing standard driver. Initiating Universal Wire bypass...
      📊 Universal Wire Decoder Benchmark:
         - TCP Packet Stream -> SoA Allocation -> MLIR SIMD Math: 4.4318 ms

--- 🚀 [Orchestrator] Intercepted execution of revenue_app.main.get_revenue [TABULAR] ---
[Hijacker] 🗄️ Bypassing standard driver. Initiating Universal Wire bypass...
      📊 Universal Wire Decoder Benchmark:
         - TCP Packet Stream -> SoA Allocation -> MLIR SIMD Math: 4.3948 ms

--- 🚀 [Orchestrator] Intercepted execution of revenue_app.main.get_revenue [TABULAR] ---
[Hijacker] 🗄️ Bypassing standard driver. Initiating Universal Wire bypass...
      📊 Universal Wire Decoder Benchmark:
         - TCP Packet Stream -> SoA Allocation -> MLIR SIMD Math: 4.4564 ms

--- 🚀 [Orchestrator] Intercepted execution of revenue_app.main.get_revenue [TABULAR] ---
[Hijacker] 🗄️ Bypassing standard driver. Initiating Universal Wire bypass...
      📊 Universal Wire Decoder Benchmark:
         - TCP Packet Stream -> SoA Allocation -> MLIR SIMD Math: 4.3392 ms

--- 🚀 [Orchestrator] Intercepted execution of revenue_app.main.get_revenue [TABULAR] ---
[Hijacker] 🗄️ Bypassing standard driver. Initiating Universal Wire bypass...
      📊 Universal Wire Decoder Benchmark:
         - TCP Packet Stream -> SoA Allocation -> MLIR SIMD Math: 4.7490 ms

--- 🚀 [Orchestrator] Intercepted execution of revenue_app.main.get_revenue [TABULAR] ---
[Hijacker] 🗄️ Bypassing standard driver. Initiating Universal Wire bypass...
      📊 Universal Wire Decoder Benchmark:
         - TCP Packet Stream -> SoA Allocation -> MLIR SIMD Math: 4.5146 ms

--- 🚀 [Orchestrator] Intercepted execution of revenue_app.main.get_revenue [TABULAR] ---
[Hijacker] 🗄️ Bypassing standard driver. Initiating Universal Wire bypass...
      📊 Universal Wire Decoder Benchmark:
         - TCP Packet Stream -> SoA Allocation -> MLIR SIMD Math: 4.3334 ms

--- 🚀 [Orchestrator] Intercepted execution of revenue_app.main.get_revenue [TABULAR] ---
[Hijacker] 🗄️ Bypassing standard driver. Initiating Universal Wire bypass...
      📊 Universal Wire Decoder Benchmark:
         - TCP Packet Stream -> SoA Allocation -> MLIR SIMD Math: 4.4089 ms

--- 🚀 [Orchestrator] Intercepted execution of revenue_app.main.get_revenue [TABULAR] ---
[Hijacker] 🗄️ Bypassing standard driver. Initiating Universal Wire bypass...
      📊 Universal Wire Decoder Benchmark:
         - TCP Packet Stream -> SoA Allocation -> MLIR SIMD Math: 4.4250 ms

--- 🚀 [Orchestrator] Intercepted execution of revenue_app.main.get_revenue [TABULAR] ---
[Hijacker] 🗄️ Bypassing standard driver. Initiating Universal Wire bypass...
      📊 Universal Wire Decoder Benchmark:
         - TCP Packet Stream -> SoA Allocation -> MLIR SIMD Math: 6.7243 ms

--- 🚀 [Orchestrator] Intercepted execution of revenue_app.main.get_revenue [TABULAR] ---
[Hijacker] 🗄️ Bypassing standard driver. Initiating Universal Wire bypass...
      📊 Universal Wire Decoder Benchmark:
         - TCP Packet Stream -> SoA Allocation -> MLIR SIMD Math: 4.4969 ms

--- 🚀 [Orchestrator] Intercepted execution of revenue_app.main.get_revenue [TABULAR] ---
[Hijacker] 🗄️ Bypassing standard driver. Initiating Universal Wire bypass...
      📊 Universal Wire Decoder Benchmark:
         - TCP Packet Stream -> SoA Allocation -> MLIR SIMD Math: 4.2673 ms

--- 🚀 [Orchestrator] Intercepted execution of revenue_app.main.get_revenue [TABULAR] ---
[Hijacker] 🗄️ Bypassing standard driver. Initiating Universal Wire bypass...
      📊 Universal Wire Decoder Benchmark:
         - TCP Packet Stream -> SoA Allocation -> MLIR SIMD Math: 4.6895 ms

--- 🚀 [Orchestrator] Intercepted execution of revenue_app.main.get_revenue [TABULAR] ---
[Hijacker] 🗄️ Bypassing standard driver. Initiating Universal Wire bypass...
      📊 Universal Wire Decoder Benchmark:
         - TCP Packet Stream -> SoA Allocation -> MLIR SIMD Math: 4.4040 ms

--- 🚀 [Orchestrator] Intercepted execution of revenue_app.main.get_revenue [TABULAR] ---
[Hijacker] 🗄️ Bypassing standard driver. Initiating Universal Wire bypass...
      📊 Universal Wire Decoder Benchmark:
         - TCP Packet Stream -> SoA Allocation -> MLIR SIMD Math: 4.4311 ms

--- 🚀 [Orchestrator] Intercepted execution of revenue_app.main.get_revenue [TABULAR] ---
[Hijacker] 🗄️ Bypassing standard driver. Initiating Universal Wire bypass...
      📊 Universal Wire Decoder Benchmark:
         - TCP Packet Stream -> SoA Allocation -> MLIR SIMD Math: 4.2598 ms

--- 🚀 [Orchestrator] Intercepted execution of revenue_app.main.get_revenue [TABULAR] ---
[Hijacker] 🗄️ Bypassing standard driver. Initiating Universal Wire bypass...
      📊 Universal Wire Decoder Benchmark:
         - TCP Packet Stream -> SoA Allocation -> MLIR SIMD Math: 4.2159 ms

--- 🚀 [Orchestrator] Intercepted execution of revenue_app.main.get_revenue [TABULAR] ---
[Hijacker] 🗄️ Bypassing standard driver. Initiating Universal Wire bypass...
      📊 Universal Wire Decoder Benchmark:
         - TCP Packet Stream -> SoA Allocation -> MLIR SIMD Math: 4.6696 ms

--- 🚀 [Orchestrator] Intercepted execution of revenue_app.main.get_revenue [TABULAR] ---
[Hijacker] 🗄️ Bypassing standard driver. Initiating Universal Wire bypass...
      📊 Universal Wire Decoder Benchmark:
         - TCP Packet Stream -> SoA Allocation -> MLIR SIMD Math: 4.4393 ms

--- 🚀 [Orchestrator] Intercepted execution of revenue_app.main.get_revenue [TABULAR] ---
[Hijacker] 🗄️ Bypassing standard driver. Initiating Universal Wire bypass...
      📊 Universal Wire Decoder Benchmark:
         - TCP Packet Stream -> SoA Allocation -> MLIR SIMD Math: 4.5676 ms

--- 🚀 [Orchestrator] Intercepted execution of revenue_app.main.get_revenue [TABULAR] ---
[Hijacker] 🗄️ Bypassing standard driver. Initiating Universal Wire bypass...
      📊 Universal Wire Decoder Benchmark:
         - TCP Packet Stream -> SoA Allocation -> MLIR SIMD Math: 4.3560 ms

--- 🚀 [Orchestrator] Intercepted execution of revenue_app.main.get_revenue [TABULAR] ---
[Hijacker] 🗄️ Bypassing standard driver. Initiating Universal Wire bypass...
      📊 Universal Wire Decoder Benchmark:
         - TCP Packet Stream -> SoA Allocation -> MLIR SIMD Math: 4.7122 ms

--- 🚀 [Orchestrator] Intercepted execution of revenue_app.main.get_revenue [TABULAR] ---
[Hijacker] 🗄️ Bypassing standard driver. Initiating Universal Wire bypass...
      📊 Universal Wire Decoder Benchmark:
         - TCP Packet Stream -> SoA Allocation -> MLIR SIMD Math: 5.9488 ms

--- 🚀 [Orchestrator] Intercepted execution of revenue_app.main.get_revenue [TABULAR] ---
[Hijacker] 🗄️ Bypassing standard driver. Initiating Universal Wire bypass...
      📊 Universal Wire Decoder Benchmark:
         - TCP Packet Stream -> SoA Allocation -> MLIR SIMD Math: 4.5449 ms

--- 🚀 [Orchestrator] Intercepted execution of revenue_app.main.get_revenue [TABULAR] ---
[Hijacker] 🗄️ Bypassing standard driver. Initiating Universal Wire bypass...
      📊 Universal Wire Decoder Benchmark:
         - TCP Packet Stream -> SoA Allocation -> MLIR SIMD Math: 4.3342 ms

--- 🚀 [Orchestrator] Intercepted execution of revenue_app.main.get_revenue [TABULAR] ---
[Hijacker] 🗄️ Bypassing standard driver. Initiating Universal Wire bypass...
      📊 Universal Wire Decoder Benchmark:
         - TCP Packet Stream -> SoA Allocation -> MLIR SIMD Math: 4.2822 ms

--- 🚀 [Orchestrator] Intercepted execution of revenue_app.main.get_revenue [TABULAR] ---
[Hijacker] 🗄️ Bypassing standard driver. Initiating Universal Wire bypass...
      📊 Universal Wire Decoder Benchmark:
         - TCP Packet Stream -> SoA Allocation -> MLIR SIMD Math: 4.8193 ms

--- 🚀 [Orchestrator] Intercepted execution of revenue_app.main.get_revenue [TABULAR] ---
[Hijacker] 🗄️ Bypassing standard driver. Initiating Universal Wire bypass...
      📊 Universal Wire Decoder Benchmark:
         - TCP Packet Stream -> SoA Allocation -> MLIR SIMD Math: 4.5089 ms

--- 🚀 [Orchestrator] Intercepted execution of revenue_app.main.get_revenue [TABULAR] ---
[Hijacker] 🗄️ Bypassing standard driver. Initiating Universal Wire bypass...
      📊 Universal Wire Decoder Benchmark:
         - TCP Packet Stream -> SoA Allocation -> MLIR SIMD Math: 4.4322 ms

--- 🚀 [Orchestrator] Intercepted execution of revenue_app.main.get_revenue [TABULAR] ---
[Hijacker] 🗄️ Bypassing standard driver. Initiating Universal Wire bypass...
      📊 Universal Wire Decoder Benchmark:
         - TCP Packet Stream -> SoA Allocation -> MLIR SIMD Math: 4.6784 ms

--- 🚀 [Orchestrator] Intercepted execution of revenue_app.main.get_revenue [TABULAR] ---
[Hijacker] 🗄️ Bypassing standard driver. Initiating Universal Wire bypass...
      📊 Universal Wire Decoder Benchmark:
         - TCP Packet Stream -> SoA Allocation -> MLIR SIMD Math: 4.2952 ms

--- 🚀 [Orchestrator] Intercepted execution of revenue_app.main.get_revenue [TABULAR] ---
[Hijacker] 🗄️ Bypassing standard driver. Initiating Universal Wire bypass...
      📊 Universal Wire Decoder Benchmark:
         - TCP Packet Stream -> SoA Allocation -> MLIR SIMD Math: 4.4273 ms

--- 🚀 [Orchestrator] Intercepted execution of revenue_app.main.get_revenue [TABULAR] ---
[Hijacker] 🗄️ Bypassing standard driver. Initiating Universal Wire bypass...
      📊 Universal Wire Decoder Benchmark:
         - TCP Packet Stream -> SoA Allocation -> MLIR SIMD Math: 4.3939 ms

--- 🚀 [Orchestrator] Intercepted execution of revenue_app.main.get_revenue [TABULAR] ---
[Hijacker] 🗄️ Bypassing standard driver. Initiating Universal Wire bypass...
      📊 Universal Wire Decoder Benchmark:
         - TCP Packet Stream -> SoA Allocation -> MLIR SIMD Math: 4.3515 ms

--- 🚀 [Orchestrator] Intercepted execution of revenue_app.main.get_revenue [TABULAR] ---
[Hijacker] 🗄️ Bypassing standard driver. Initiating Universal Wire bypass...
      📊 Universal Wire Decoder Benchmark:
         - TCP Packet Stream -> SoA Allocation -> MLIR SIMD Math: 6.5256 ms

--- 🚀 [Orchestrator] Intercepted execution of revenue_app.main.get_revenue [TABULAR] ---
[Hijacker] 🗄️ Bypassing standard driver. Initiating Universal Wire bypass...
      📊 Universal Wire Decoder Benchmark:
         - TCP Packet Stream -> SoA Allocation -> MLIR SIMD Math: 4.4981 ms

--- 🚀 [Orchestrator] Intercepted execution of revenue_app.main.get_revenue [TABULAR] ---
[Hijacker] 🗄️ Bypassing standard driver. Initiating Universal Wire bypass...
      📊 Universal Wire Decoder Benchmark:
         - TCP Packet Stream -> SoA Allocation -> MLIR SIMD Math: 4.4616 ms

--- 🚀 [Orchestrator] Intercepted execution of revenue_app.main.get_revenue [TABULAR] ---
[Hijacker] 🗄️ Bypassing standard driver. Initiating Universal Wire bypass...
      📊 Universal Wire Decoder Benchmark:
         - TCP Packet Stream -> SoA Allocation -> MLIR SIMD Math: 4.4702 ms

--- 🚀 [Orchestrator] Intercepted execution of revenue_app.main.get_revenue [TABULAR] ---
[Hijacker] 🗄️ Bypassing standard driver. Initiating Universal Wire bypass...
      📊 Universal Wire Decoder Benchmark:
         - TCP Packet Stream -> SoA Allocation -> MLIR SIMD Math: 4.3455 ms

--- 🚀 [Orchestrator] Intercepted execution of revenue_app.main.get_revenue [TABULAR] ---
[Hijacker] 🗄️ Bypassing standard driver. Initiating Universal Wire bypass...
      📊 Universal Wire Decoder Benchmark:
         - TCP Packet Stream -> SoA Allocation -> MLIR SIMD Math: 4.6713 ms

--- 🚀 [Orchestrator] Intercepted execution of revenue_app.main.get_revenue [TABULAR] ---
[Hijacker] 🗄️ Bypassing standard driver. Initiating Universal Wire bypass...
      📊 Universal Wire Decoder Benchmark:
         - TCP Packet Stream -> SoA Allocation -> MLIR SIMD Math: 4.4243 ms

--- 🚀 [Orchestrator] Intercepted execution of revenue_app.main.get_revenue [TABULAR] ---
[Hijacker] 🗄️ Bypassing standard driver. Initiating Universal Wire bypass...
      📊 Universal Wire Decoder Benchmark:
         - TCP Packet Stream -> SoA Allocation -> MLIR SIMD Math: 4.3910 ms

--- 🚀 [Orchestrator] Intercepted execution of revenue_app.main.get_revenue [TABULAR] ---
[Hijacker] 🗄️ Bypassing standard driver. Initiating Universal Wire bypass...
      📊 Universal Wire Decoder Benchmark:
         - TCP Packet Stream -> SoA Allocation -> MLIR SIMD Math: 4.3472 ms

--- 🚀 [Orchestrator] Intercepted execution of revenue_app.main.get_revenue [TABULAR] ---
[Hijacker] 🗄️ Bypassing standard driver. Initiating Universal Wire bypass...
      📊 Universal Wire Decoder Benchmark:
         - TCP Packet Stream -> SoA Allocation -> MLIR SIMD Math: 4.6742 ms

--- 🚀 [Orchestrator] Intercepted execution of revenue_app.main.get_revenue [TABULAR] ---
[Hijacker] 🗄️ Bypassing standard driver. Initiating Universal Wire bypass...
      📊 Universal Wire Decoder Benchmark:
         - TCP Packet Stream -> SoA Allocation -> MLIR SIMD Math: 4.4120 ms

--- 🚀 [Orchestrator] Intercepted execution of revenue_app.main.get_revenue [TABULAR] ---
[Hijacker] 🗄️ Bypassing standard driver. Initiating Universal Wire bypass...
      📊 Universal Wire Decoder Benchmark:
         - TCP Packet Stream -> SoA Allocation -> MLIR SIMD Math: 4.3739 ms

--- 🚀 [Orchestrator] Intercepted execution of revenue_app.main.get_revenue [TABULAR] ---
[Hijacker] 🗄️ Bypassing standard driver. Initiating Universal Wire bypass...
      📊 Universal Wire Decoder Benchmark:
         - TCP Packet Stream -> SoA Allocation -> MLIR SIMD Math: 4.7961 ms

--- 🚀 [Orchestrator] Intercepted execution of revenue_app.main.get_revenue [TABULAR] ---
[Hijacker] 🗄️ Bypassing standard driver. Initiating Universal Wire bypass...
      📊 Universal Wire Decoder Benchmark:
         - TCP Packet Stream -> SoA Allocation -> MLIR SIMD Math: 4.4360 ms

--- 🚀 [Orchestrator] Intercepted execution of revenue_app.main.get_revenue [TABULAR] ---
[Hijacker] 🗄️ Bypassing standard driver. Initiating Universal Wire bypass...
      📊 Universal Wire Decoder Benchmark:
         - TCP Packet Stream -> SoA Allocation -> MLIR SIMD Math: 4.8933 ms

--- 🚀 [Orchestrator] Intercepted execution of revenue_app.main.get_revenue [TABULAR] ---
[Hijacker] 🗄️ Bypassing standard driver. Initiating Universal Wire bypass...
      📊 Universal Wire Decoder Benchmark:
         - TCP Packet Stream -> SoA Allocation -> MLIR SIMD Math: 4.4964 ms

--- 🚀 [Orchestrator] Intercepted execution of revenue_app.main.get_revenue [TABULAR] ---
[Hijacker] 🗄️ Bypassing standard driver. Initiating Universal Wire bypass...
      📊 Universal Wire Decoder Benchmark:
         - TCP Packet Stream -> SoA Allocation -> MLIR SIMD Math: 4.4788 ms

--- 🚀 [Orchestrator] Intercepted execution of revenue_app.main.get_revenue [TABULAR] ---
[Hijacker] 🗄️ Bypassing standard driver. Initiating Universal Wire bypass...
      📊 Universal Wire Decoder Benchmark:
         - TCP Packet Stream -> SoA Allocation -> MLIR SIMD Math: 4.6825 ms

--- 🚀 [Orchestrator] Intercepted execution of revenue_app.main.get_revenue [TABULAR] ---
[Hijacker] 🗄️ Bypassing standard driver. Initiating Universal Wire bypass...
      📊 Universal Wire Decoder Benchmark:
         - TCP Packet Stream -> SoA Allocation -> MLIR SIMD Math: 4.3859 ms

--- 🚀 [Orchestrator] Intercepted execution of revenue_app.main.get_revenue [TABULAR] ---
[Hijacker] 🗄️ Bypassing standard driver. Initiating Universal Wire bypass...
      📊 Universal Wire Decoder Benchmark:
         - TCP Packet Stream -> SoA Allocation -> MLIR SIMD Math: 4.3062 ms

--- 🚀 [Orchestrator] Intercepted execution of revenue_app.main.get_revenue [TABULAR] ---
[Hijacker] 🗄️ Bypassing standard driver. Initiating Universal Wire bypass...
      📊 Universal Wire Decoder Benchmark:
         - TCP Packet Stream -> SoA Allocation -> MLIR SIMD Math: 4.3753 ms

--- 🚀 [Orchestrator] Intercepted execution of revenue_app.main.get_revenue [TABULAR] ---
[Hijacker] 🗄️ Bypassing standard driver. Initiating Universal Wire bypass...
      📊 Universal Wire Decoder Benchmark:
         - TCP Packet Stream -> SoA Allocation -> MLIR SIMD Math: 4.3076 ms

--- 🚀 [Orchestrator] Intercepted execution of revenue_app.main.get_revenue [TABULAR] ---
[Hijacker] 🗄️ Bypassing standard driver. Initiating Universal Wire bypass...
      📊 Universal Wire Decoder Benchmark:
         - TCP Packet Stream -> SoA Allocation -> MLIR SIMD Math: 4.2828 ms

--- 🚀 [Orchestrator] Intercepted execution of revenue_app.main.get_revenue [TABULAR] ---
[Hijacker] 🗄️ Bypassing standard driver. Initiating Universal Wire bypass...
      📊 Universal Wire Decoder Benchmark:
         - TCP Packet Stream -> SoA Allocation -> MLIR SIMD Math: 4.6738 ms

--- 🚀 [Orchestrator] Intercepted execution of revenue_app.main.get_revenue [TABULAR] ---
[Hijacker] 🗄️ Bypassing standard driver. Initiating Universal Wire bypass...
      📊 Universal Wire Decoder Benchmark:
         - TCP Packet Stream -> SoA Allocation -> MLIR SIMD Math: 5.6539 ms

--- 🚀 [Orchestrator] Intercepted execution of revenue_app.main.get_revenue [TABULAR] ---
[Hijacker] 🗄️ Bypassing standard driver. Initiating Universal Wire bypass...
      📊 Universal Wire Decoder Benchmark:
         - TCP Packet Stream -> SoA Allocation -> MLIR SIMD Math: 6.2362 ms

--- 🚀 [Orchestrator] Intercepted execution of revenue_app.main.get_revenue [TABULAR] ---
[Hijacker] 🗄️ Bypassing standard driver. Initiating Universal Wire bypass...
      📊 Universal Wire Decoder Benchmark:
         - TCP Packet Stream -> SoA Allocation -> MLIR SIMD Math: 4.5840 ms

--- 🚀 [Orchestrator] Intercepted execution of revenue_app.main.get_revenue [TABULAR] ---
[Hijacker] 🗄️ Bypassing standard driver. Initiating Universal Wire bypass...
      📊 Universal Wire Decoder Benchmark:
         - TCP Packet Stream -> SoA Allocation -> MLIR SIMD Math: 4.3666 ms

--- 🚀 [Orchestrator] Intercepted execution of revenue_app.main.get_revenue [TABULAR] ---
[Hijacker] 🗄️ Bypassing standard driver. Initiating Universal Wire bypass...
      📊 Universal Wire Decoder Benchmark:
         - TCP Packet Stream -> SoA Allocation -> MLIR SIMD Math: 4.6355 ms

--- 🚀 [Orchestrator] Intercepted execution of revenue_app.main.get_revenue [TABULAR] ---
[Hijacker] 🗄️ Bypassing standard driver. Initiating Universal Wire bypass...
      📊 Universal Wire Decoder Benchmark:
         - TCP Packet Stream -> SoA Allocation -> MLIR SIMD Math: 4.3086 ms

--- 🚀 [Orchestrator] Intercepted execution of revenue_app.main.get_revenue [TABULAR] ---
[Hijacker] 🗄️ Bypassing standard driver. Initiating Universal Wire bypass...
      📊 Universal Wire Decoder Benchmark:
         - TCP Packet Stream -> SoA Allocation -> MLIR SIMD Math: 4.4700 ms

--- 🚀 [Orchestrator] Intercepted execution of revenue_app.main.get_revenue [TABULAR] ---
[Hijacker] 🗄️ Bypassing standard driver. Initiating Universal Wire bypass...
      📊 Universal Wire Decoder Benchmark:
         - TCP Packet Stream -> SoA Allocation -> MLIR SIMD Math: 4.4274 ms

--- 🚀 [Orchestrator] Intercepted execution of revenue_app.main.get_revenue [TABULAR] ---
[Hijacker] 🗄️ Bypassing standard driver. Initiating Universal Wire bypass...
      📊 Universal Wire Decoder Benchmark:
         - TCP Packet Stream -> SoA Allocation -> MLIR SIMD Math: 4.4477 ms

--- 🚀 [Orchestrator] Intercepted execution of revenue_app.main.get_revenue [TABULAR] ---
[Hijacker] 🗄️ Bypassing standard driver. Initiating Universal Wire bypass...
      📊 Universal Wire Decoder Benchmark:
         - TCP Packet Stream -> SoA Allocation -> MLIR SIMD Math: 4.4290 ms

--- 🚀 [Orchestrator] Intercepted execution of revenue_app.main.get_revenue [TABULAR] ---
[Hijacker] 🗄️ Bypassing standard driver. Initiating Universal Wire bypass...
      📊 Universal Wire Decoder Benchmark:
         - TCP Packet Stream -> SoA Allocation -> MLIR SIMD Math: 4.5775 ms

--- 🚀 [Orchestrator] Intercepted execution of revenue_app.main.get_revenue [TABULAR] ---
[Hijacker] 🗄️ Bypassing standard driver. Initiating Universal Wire bypass...
      📊 Universal Wire Decoder Benchmark:
         - TCP Packet Stream -> SoA Allocation -> MLIR SIMD Math: 4.2206 ms

--- 🚀 [Orchestrator] Intercepted execution of revenue_app.main.get_revenue [TABULAR] ---
[Hijacker] 🗄️ Bypassing standard driver. Initiating Universal Wire bypass...
      📊 Universal Wire Decoder Benchmark:
         - TCP Packet Stream -> SoA Allocation -> MLIR SIMD Math: 4.3219 ms

--- 🚀 [Orchestrator] Intercepted execution of revenue_app.main.get_revenue [TABULAR] ---
[Hijacker] 🗄️ Bypassing standard driver. Initiating Universal Wire bypass...
      📊 Universal Wire Decoder Benchmark:
         - TCP Packet Stream -> SoA Allocation -> MLIR SIMD Math: 4.3865 ms

--- 🚀 [Orchestrator] Intercepted execution of revenue_app.main.get_revenue [TABULAR] ---
[Hijacker] 🗄️ Bypassing standard driver. Initiating Universal Wire bypass...
      📊 Universal Wire Decoder Benchmark:
         - TCP Packet Stream -> SoA Allocation -> MLIR SIMD Math: 6.1855 ms

--- 🚀 [Orchestrator] Intercepted execution of revenue_app.main.get_revenue [TABULAR] ---
[Hijacker] 🗄️ Bypassing standard driver. Initiating Universal Wire bypass...
      📊 Universal Wire Decoder Benchmark:
         - TCP Packet Stream -> SoA Allocation -> MLIR SIMD Math: 4.6383 ms

--- 🚀 [Orchestrator] Intercepted execution of revenue_app.main.get_revenue [TABULAR] ---
[Hijacker] 🗄️ Bypassing standard driver. Initiating Universal Wire bypass...
      📊 Universal Wire Decoder Benchmark:
         - TCP Packet Stream -> SoA Allocation -> MLIR SIMD Math: 4.4294 ms

--- 🚀 [Orchestrator] Intercepted execution of revenue_app.main.get_revenue [TABULAR] ---
[Hijacker] 🗄️ Bypassing standard driver. Initiating Universal Wire bypass...
      📊 Universal Wire Decoder Benchmark:
         - TCP Packet Stream -> SoA Allocation -> MLIR SIMD Math: 4.5325 ms

--- 🚀 [Orchestrator] Intercepted execution of revenue_app.main.get_revenue [TABULAR] ---
[Hijacker] 🗄️ Bypassing standard driver. Initiating Universal Wire bypass...
      📊 Universal Wire Decoder Benchmark:
         - TCP Packet Stream -> SoA Allocation -> MLIR SIMD Math: 4.6521 ms

--- 🚀 [Orchestrator] Intercepted execution of revenue_app.main.get_revenue [TABULAR] ---
[Hijacker] 🗄️ Bypassing standard driver. Initiating Universal Wire bypass...
      📊 Universal Wire Decoder Benchmark:
         - TCP Packet Stream -> SoA Allocation -> MLIR SIMD Math: 4.3393 ms

--- 🚀 [Orchestrator] Intercepted execution of revenue_app.main.get_revenue [TABULAR] ---
[Hijacker] 🗄️ Bypassing standard driver. Initiating Universal Wire bypass...
      📊 Universal Wire Decoder Benchmark:
         - TCP Packet Stream -> SoA Allocation -> MLIR SIMD Math: 4.4293 ms

--- 🚀 [Orchestrator] Intercepted execution of revenue_app.main.get_revenue [TABULAR] ---
[Hijacker] 🗄️ Bypassing standard driver. Initiating Universal Wire bypass...
      📊 Universal Wire Decoder Benchmark:
         - TCP Packet Stream -> SoA Allocation -> MLIR SIMD Math: 4.3922 ms

--- 🚀 [Orchestrator] Intercepted execution of revenue_app.main.get_revenue [TABULAR] ---
[Hijacker] 🗄️ Bypassing standard driver. Initiating Universal Wire bypass...
      📊 Universal Wire Decoder Benchmark:
         - TCP Packet Stream -> SoA Allocation -> MLIR SIMD Math: 4.6249 ms

--- 🚀 [Orchestrator] Intercepted execution of revenue_app.main.get_revenue [TABULAR] ---
[Hijacker] 🗄️ Bypassing standard driver. Initiating Universal Wire bypass...
      📊 Universal Wire Decoder Benchmark:
         - TCP Packet Stream -> SoA Allocation -> MLIR SIMD Math: 4.3863 ms

--- 🚀 [Orchestrator] Intercepted execution of revenue_app.main.get_revenue [TABULAR] ---
[Hijacker] 🗄️ Bypassing standard driver. Initiating Universal Wire bypass...
      📊 Universal Wire Decoder Benchmark:
         - TCP Packet Stream -> SoA Allocation -> MLIR SIMD Math: 4.4677 ms

--- 🚀 [Orchestrator] Intercepted execution of revenue_app.main.get_revenue [TABULAR] ---
[Hijacker] 🗄️ Bypassing standard driver. Initiating Universal Wire bypass...
      📊 Universal Wire Decoder Benchmark:
         - TCP Packet Stream -> SoA Allocation -> MLIR SIMD Math: 4.4154 ms

--- 🚀 [Orchestrator] Intercepted execution of revenue_app.main.get_revenue [TABULAR] ---
[Hijacker] 🗄️ Bypassing standard driver. Initiating Universal Wire bypass...
      📊 Universal Wire Decoder Benchmark:
         - TCP Packet Stream -> SoA Allocation -> MLIR SIMD Math: 4.6287 ms

--- 🚀 [Orchestrator] Intercepted execution of revenue_app.main.get_revenue [TABULAR] ---
[Hijacker] 🗄️ Bypassing standard driver. Initiating Universal Wire bypass...
      📊 Universal Wire Decoder Benchmark:
         - TCP Packet Stream -> SoA Allocation -> MLIR SIMD Math: 6.2474 ms

--- 🚀 [Orchestrator] Intercepted execution of revenue_app.main.get_revenue [TABULAR] ---
[Hijacker] 🗄️ Bypassing standard driver. Initiating Universal Wire bypass...
      📊 Universal Wire Decoder Benchmark:
         - TCP Packet Stream -> SoA Allocation -> MLIR SIMD Math: 4.4429 ms

--- 🚀 [Orchestrator] Intercepted execution of revenue_app.main.get_revenue [TABULAR] ---
[Hijacker] 🗄️ Bypassing standard driver. Initiating Universal Wire bypass...
      📊 Universal Wire Decoder Benchmark:
         - TCP Packet Stream -> SoA Allocation -> MLIR SIMD Math: 4.6042 ms

--- 🚀 [Orchestrator] Intercepted execution of revenue_app.main.get_revenue [TABULAR] ---
[Hijacker] 🗄️ Bypassing standard driver. Initiating Universal Wire bypass...
      📊 Universal Wire Decoder Benchmark:
         - TCP Packet Stream -> SoA Allocation -> MLIR SIMD Math: 4.4262 ms

--- 🚀 [Orchestrator] Intercepted execution of revenue_app.main.get_revenue [TABULAR] ---
[Hijacker] 🗄️ Bypassing standard driver. Initiating Universal Wire bypass...
      📊 Universal Wire Decoder Benchmark:
         - TCP Packet Stream -> SoA Allocation -> MLIR SIMD Math: 4.6030 ms

--- 🚀 [Orchestrator] Intercepted execution of revenue_app.main.get_revenue [TABULAR] ---
[Hijacker] 🗄️ Bypassing standard driver. Initiating Universal Wire bypass...
      📊 Universal Wire Decoder Benchmark:
         - TCP Packet Stream -> SoA Allocation -> MLIR SIMD Math: 4.4093 ms

--- 🚀 [Orchestrator] Intercepted execution of revenue_app.main.get_revenue [TABULAR] ---
[Hijacker] 🗄️ Bypassing standard driver. Initiating Universal Wire bypass...
      📊 Universal Wire Decoder Benchmark:
         - TCP Packet Stream -> SoA Allocation -> MLIR SIMD Math: 4.3215 ms

--- 🚀 [Orchestrator] Intercepted execution of revenue_app.main.get_revenue [TABULAR] ---
[Hijacker] 🗄️ Bypassing standard driver. Initiating Universal Wire bypass...
      📊 Universal Wire Decoder Benchmark:
         - TCP Packet Stream -> SoA Allocation -> MLIR SIMD Math: 4.3662 ms

--- 🚀 [Orchestrator] Intercepted execution of revenue_app.main.get_revenue [TABULAR] ---
[Hijacker] 🗄️ Bypassing standard driver. Initiating Universal Wire bypass...
      📊 Universal Wire Decoder Benchmark:
         - TCP Packet Stream -> SoA Allocation -> MLIR SIMD Math: 4.4940 ms

--- 🚀 [Orchestrator] Intercepted execution of revenue_app.main.get_revenue [TABULAR] ---
[Hijacker] 🗄️ Bypassing standard driver. Initiating Universal Wire bypass...
      📊 Universal Wire Decoder Benchmark:
         - TCP Packet Stream -> SoA Allocation -> MLIR SIMD Math: 4.6747 ms

--- 🚀 [Orchestrator] Intercepted execution of revenue_app.main.get_revenue [TABULAR] ---
[Hijacker] 🗄️ Bypassing standard driver. Initiating Universal Wire bypass...
      📊 Universal Wire Decoder Benchmark:
         - TCP Packet Stream -> SoA Allocation -> MLIR SIMD Math: 4.3995 ms

--- 🚀 [Orchestrator] Intercepted execution of revenue_app.main.get_revenue [TABULAR] ---
[Hijacker] 🗄️ Bypassing standard driver. Initiating Universal Wire bypass...
      📊 Universal Wire Decoder Benchmark:
         - TCP Packet Stream -> SoA Allocation -> MLIR SIMD Math: 4.3908 ms

--- 🚀 [Orchestrator] Intercepted execution of revenue_app.main.get_revenue [TABULAR] ---
[Hijacker] 🗄️ Bypassing standard driver. Initiating Universal Wire bypass...
      📊 Universal Wire Decoder Benchmark:
         - TCP Packet Stream -> SoA Allocation -> MLIR SIMD Math: 4.3430 ms

--- 🚀 [Orchestrator] Intercepted execution of revenue_app.main.get_revenue [TABULAR] ---
[Hijacker] 🗄️ Bypassing standard driver. Initiating Universal Wire bypass...
      📊 Universal Wire Decoder Benchmark:
         - TCP Packet Stream -> SoA Allocation -> MLIR SIMD Math: 6.5066 ms

--- 🚀 [Orchestrator] Intercepted execution of revenue_app.main.get_revenue [TABULAR] ---
[Hijacker] 🗄️ Bypassing standard driver. Initiating Universal Wire bypass...
      📊 Universal Wire Decoder Benchmark:
         - TCP Packet Stream -> SoA Allocation -> MLIR SIMD Math: 5.0145 ms

--- 🚀 [Orchestrator] Intercepted execution of revenue_app.main.get_revenue [TABULAR] ---
[Hijacker] 🗄️ Bypassing standard driver. Initiating Universal Wire bypass...
      📊 Universal Wire Decoder Benchmark:
         - TCP Packet Stream -> SoA Allocation -> MLIR SIMD Math: 5.5758 ms

--- 🚀 [Orchestrator] Intercepted execution of revenue_app.main.get_revenue [TABULAR] ---
[Hijacker] 🗄️ Bypassing standard driver. Initiating Universal Wire bypass...
      📊 Universal Wire Decoder Benchmark:
         - TCP Packet Stream -> SoA Allocation -> MLIR SIMD Math: 4.4700 ms

--- 🚀 [Orchestrator] Intercepted execution of revenue_app.main.get_revenue [TABULAR] ---
[Hijacker] 🗄️ Bypassing standard driver. Initiating Universal Wire bypass...
      📊 Universal Wire Decoder Benchmark:
         - TCP Packet Stream -> SoA Allocation -> MLIR SIMD Math: 4.4562 ms

--- 🚀 [Orchestrator] Intercepted execution of revenue_app.main.get_revenue [TABULAR] ---
[Hijacker] 🗄️ Bypassing standard driver. Initiating Universal Wire bypass...
      📊 Universal Wire Decoder Benchmark:
         - TCP Packet Stream -> SoA Allocation -> MLIR SIMD Math: 4.5535 ms

--- 🚀 [Orchestrator] Intercepted execution of revenue_app.main.get_revenue [TABULAR] ---
[Hijacker] 🗄️ Bypassing standard driver. Initiating Universal Wire bypass...
      📊 Universal Wire Decoder Benchmark:
         - TCP Packet Stream -> SoA Allocation -> MLIR SIMD Math: 5.0422 ms

--- 🚀 [Orchestrator] Intercepted execution of revenue_app.main.get_revenue [TABULAR] ---
[Hijacker] 🗄️ Bypassing standard driver. Initiating Universal Wire bypass...
      📊 Universal Wire Decoder Benchmark:
         - TCP Packet Stream -> SoA Allocation -> MLIR SIMD Math: 4.7563 ms

--- 🚀 [Orchestrator] Intercepted execution of revenue_app.main.get_revenue [TABULAR] ---
[Hijacker] 🗄️ Bypassing standard driver. Initiating Universal Wire bypass...
      📊 Universal Wire Decoder Benchmark:
         - TCP Packet Stream -> SoA Allocation -> MLIR SIMD Math: 4.4105 ms

--- 🚀 [Orchestrator] Intercepted execution of revenue_app.main.get_revenue [TABULAR] ---
[Hijacker] 🗄️ Bypassing standard driver. Initiating Universal Wire bypass...
      📊 Universal Wire Decoder Benchmark:
         - TCP Packet Stream -> SoA Allocation -> MLIR SIMD Math: 4.6489 ms

--- 🚀 [Orchestrator] Intercepted execution of revenue_app.main.get_revenue [TABULAR] ---
[Hijacker] 🗄️ Bypassing standard driver. Initiating Universal Wire bypass...
      📊 Universal Wire Decoder Benchmark:
         - TCP Packet Stream -> SoA Allocation -> MLIR SIMD Math: 4.3838 ms

--- 🚀 [Orchestrator] Intercepted execution of revenue_app.main.get_revenue [TABULAR] ---
[Hijacker] 🗄️ Bypassing standard driver. Initiating Universal Wire bypass...
      📊 Universal Wire Decoder Benchmark:
         - TCP Packet Stream -> SoA Allocation -> MLIR SIMD Math: 4.3542 ms

--- 🚀 [Orchestrator] Intercepted execution of revenue_app.main.get_revenue [TABULAR] ---
[Hijacker] 🗄️ Bypassing standard driver. Initiating Universal Wire bypass...
      📊 Universal Wire Decoder Benchmark:
         - TCP Packet Stream -> SoA Allocation -> MLIR SIMD Math: 5.5112 ms

--- 🚀 [Orchestrator] Intercepted execution of revenue_app.main.get_revenue [TABULAR] ---
[Hijacker] 🗄️ Bypassing standard driver. Initiating Universal Wire bypass...
      📊 Universal Wire Decoder Benchmark:
         - TCP Packet Stream -> SoA Allocation -> MLIR SIMD Math: 4.6630 ms

--- 🚀 [Orchestrator] Intercepted execution of revenue_app.main.get_revenue [TABULAR] ---
[Hijacker] 🗄️ Bypassing standard driver. Initiating Universal Wire bypass...
      📊 Universal Wire Decoder Benchmark:
         - TCP Packet Stream -> SoA Allocation -> MLIR SIMD Math: 4.7513 ms

--- 🚀 [Orchestrator] Intercepted execution of revenue_app.main.get_revenue [TABULAR] ---
[Hijacker] 🗄️ Bypassing standard driver. Initiating Universal Wire bypass...
      📊 Universal Wire Decoder Benchmark:
         - TCP Packet Stream -> SoA Allocation -> MLIR SIMD Math: 4.2660 ms

--- 🚀 [Orchestrator] Intercepted execution of revenue_app.main.get_revenue [TABULAR] ---
[Hijacker] 🗄️ Bypassing standard driver. Initiating Universal Wire bypass...
      📊 Universal Wire Decoder Benchmark:
         - TCP Packet Stream -> SoA Allocation -> MLIR SIMD Math: 4.4405 ms

--- 🚀 [Orchestrator] Intercepted execution of revenue_app.main.get_revenue [TABULAR] ---
[Hijacker] 🗄️ Bypassing standard driver. Initiating Universal Wire bypass...
      📊 Universal Wire Decoder Benchmark:
         - TCP Packet Stream -> SoA Allocation -> MLIR SIMD Math: 4.3815 ms

--- 🚀 [Orchestrator] Intercepted execution of revenue_app.main.get_revenue [TABULAR] ---
[Hijacker] 🗄️ Bypassing standard driver. Initiating Universal Wire bypass...
      📊 Universal Wire Decoder Benchmark:
         - TCP Packet Stream -> SoA Allocation -> MLIR SIMD Math: 4.7768 ms

--- 🚀 [Orchestrator] Intercepted execution of revenue_app.main.get_revenue [TABULAR] ---
[Hijacker] 🗄️ Bypassing standard driver. Initiating Universal Wire bypass...
      📊 Universal Wire Decoder Benchmark:
         - TCP Packet Stream -> SoA Allocation -> MLIR SIMD Math: 4.8922 ms

--- 🚀 [Orchestrator] Intercepted execution of revenue_app.main.get_revenue [TABULAR] ---
[Hijacker] 🗄️ Bypassing standard driver. Initiating Universal Wire bypass...
      📊 Universal Wire Decoder Benchmark:
         - TCP Packet Stream -> SoA Allocation -> MLIR SIMD Math: 4.6637 ms

--- 🚀 [Orchestrator] Intercepted execution of revenue_app.main.get_revenue [TABULAR] ---
[Hijacker] 🗄️ Bypassing standard driver. Initiating Universal Wire bypass...
      📊 Universal Wire Decoder Benchmark:
         - TCP Packet Stream -> SoA Allocation -> MLIR SIMD Math: 4.7785 ms

--- 🚀 [Orchestrator] Intercepted execution of revenue_app.main.get_revenue [TABULAR] ---
[Hijacker] 🗄️ Bypassing standard driver. Initiating Universal Wire bypass...
      📊 Universal Wire Decoder Benchmark:
         - TCP Packet Stream -> SoA Allocation -> MLIR SIMD Math: 4.8768 ms

--- 🚀 [Orchestrator] Intercepted execution of revenue_app.main.get_revenue [TABULAR] ---
[Hijacker] 🗄️ Bypassing standard driver. Initiating Universal Wire bypass...
      📊 Universal Wire Decoder Benchmark:
         - TCP Packet Stream -> SoA Allocation -> MLIR SIMD Math: 4.6040 ms

--- 🚀 [Orchestrator] Intercepted execution of revenue_app.main.get_revenue [TABULAR] ---
[Hijacker] 🗄️ Bypassing standard driver. Initiating Universal Wire bypass...
      📊 Universal Wire Decoder Benchmark:
         - TCP Packet Stream -> SoA Allocation -> MLIR SIMD Math: 4.3193 ms

--- 🚀 [Orchestrator] Intercepted execution of revenue_app.main.get_revenue [TABULAR] ---
[Hijacker] 🗄️ Bypassing standard driver. Initiating Universal Wire bypass...
      📊 Universal Wire Decoder Benchmark:
         - TCP Packet Stream -> SoA Allocation -> MLIR SIMD Math: 5.8398 ms

--- 🚀 [Orchestrator] Intercepted execution of revenue_app.main.get_revenue [TABULAR] ---
[Hijacker] 🗄️ Bypassing standard driver. Initiating Universal Wire bypass...
      📊 Universal Wire Decoder Benchmark:
         - TCP Packet Stream -> SoA Allocation -> MLIR SIMD Math: 4.4637 ms

--- 🚀 [Orchestrator] Intercepted execution of revenue_app.main.get_revenue [TABULAR] ---
[Hijacker] 🗄️ Bypassing standard driver. Initiating Universal Wire bypass...
      📊 Universal Wire Decoder Benchmark:
         - TCP Packet Stream -> SoA Allocation -> MLIR SIMD Math: 4.6066 ms

--- 🚀 [Orchestrator] Intercepted execution of revenue_app.main.get_revenue [TABULAR] ---
[Hijacker] 🗄️ Bypassing standard driver. Initiating Universal Wire bypass...
      📊 Universal Wire Decoder Benchmark:
         - TCP Packet Stream -> SoA Allocation -> MLIR SIMD Math: 4.2918 ms

--- 🚀 [Orchestrator] Intercepted execution of revenue_app.main.get_revenue [TABULAR] ---
[Hijacker] 🗄️ Bypassing standard driver. Initiating Universal Wire bypass...
      📊 Universal Wire Decoder Benchmark:
         - TCP Packet Stream -> SoA Allocation -> MLIR SIMD Math: 4.4848 ms

--- 🚀 [Orchestrator] Intercepted execution of revenue_app.main.get_revenue [TABULAR] ---
[Hijacker] 🗄️ Bypassing standard driver. Initiating Universal Wire bypass...
      📊 Universal Wire Decoder Benchmark:
         - TCP Packet Stream -> SoA Allocation -> MLIR SIMD Math: 4.4949 ms

--- 🚀 [Orchestrator] Intercepted execution of revenue_app.main.get_revenue [TABULAR] ---
[Hijacker] 🗄️ Bypassing standard driver. Initiating Universal Wire bypass...
      📊 Universal Wire Decoder Benchmark:
         - TCP Packet Stream -> SoA Allocation -> MLIR SIMD Math: 4.2416 ms

--- 🚀 [Orchestrator] Intercepted execution of revenue_app.main.get_revenue [TABULAR] ---
[Hijacker] 🗄️ Bypassing standard driver. Initiating Universal Wire bypass...
      📊 Universal Wire Decoder Benchmark:
         - TCP Packet Stream -> SoA Allocation -> MLIR SIMD Math: 4.4882 ms

--- 🚀 [Orchestrator] Intercepted execution of revenue_app.main.get_revenue [TABULAR] ---
[Hijacker] 🗄️ Bypassing standard driver. Initiating Universal Wire bypass...
      📊 Universal Wire Decoder Benchmark:
         - TCP Packet Stream -> SoA Allocation -> MLIR SIMD Math: 4.4397 ms

--- 🚀 [Orchestrator] Intercepted execution of revenue_app.main.get_revenue [TABULAR] ---
[Hijacker] 🗄️ Bypassing standard driver. Initiating Universal Wire bypass...
      📊 Universal Wire Decoder Benchmark:
         - TCP Packet Stream -> SoA Allocation -> MLIR SIMD Math: 4.4941 ms

--- 🚀 [Orchestrator] Intercepted execution of revenue_app.main.get_revenue [TABULAR] ---
[Hijacker] 🗄️ Bypassing standard driver. Initiating Universal Wire bypass...
      📊 Universal Wire Decoder Benchmark:
         - TCP Packet Stream -> SoA Allocation -> MLIR SIMD Math: 4.4837 ms

--- 🚀 [Orchestrator] Intercepted execution of revenue_app.main.get_revenue [TABULAR] ---
[Hijacker] 🗄️ Bypassing standard driver. Initiating Universal Wire bypass...
      📊 Universal Wire Decoder Benchmark:
         - TCP Packet Stream -> SoA Allocation -> MLIR SIMD Math: 4.6885 ms

--- 🚀 [Orchestrator] Intercepted execution of revenue_app.main.get_revenue [TABULAR] ---
[Hijacker] 🗄️ Bypassing standard driver. Initiating Universal Wire bypass...
      📊 Universal Wire Decoder Benchmark:
         - TCP Packet Stream -> SoA Allocation -> MLIR SIMD Math: 4.3210 ms

--- 🚀 [Orchestrator] Intercepted execution of revenue_app.main.get_revenue [TABULAR] ---
[Hijacker] 🗄️ Bypassing standard driver. Initiating Universal Wire bypass...
      📊 Universal Wire Decoder Benchmark:
         - TCP Packet Stream -> SoA Allocation -> MLIR SIMD Math: 5.9652 ms

--- 🚀 [Orchestrator] Intercepted execution of revenue_app.main.get_revenue [TABULAR] ---
[Hijacker] 🗄️ Bypassing standard driver. Initiating Universal Wire bypass...
      📊 Universal Wire Decoder Benchmark:
         - TCP Packet Stream -> SoA Allocation -> MLIR SIMD Math: 4.9323 ms

--- 🚀 [Orchestrator] Intercepted execution of revenue_app.main.get_revenue [TABULAR] ---
[Hijacker] 🗄️ Bypassing standard driver. Initiating Universal Wire bypass...
      📊 Universal Wire Decoder Benchmark:
         - TCP Packet Stream -> SoA Allocation -> MLIR SIMD Math: 4.4276 ms

--- 🚀 [Orchestrator] Intercepted execution of revenue_app.main.get_revenue [TABULAR] ---
[Hijacker] 🗄️ Bypassing standard driver. Initiating Universal Wire bypass...
      📊 Universal Wire Decoder Benchmark:
         - TCP Packet Stream -> SoA Allocation -> MLIR SIMD Math: 4.4180 ms

--- 🚀 [Orchestrator] Intercepted execution of revenue_app.main.get_revenue [TABULAR] ---
[Hijacker] 🗄️ Bypassing standard driver. Initiating Universal Wire bypass...
      📊 Universal Wire Decoder Benchmark:
         - TCP Packet Stream -> SoA Allocation -> MLIR SIMD Math: 4.2227 ms

--- 🚀 [Orchestrator] Intercepted execution of revenue_app.main.get_revenue [TABULAR] ---
[Hijacker] 🗄️ Bypassing standard driver. Initiating Universal Wire bypass...
      📊 Universal Wire Decoder Benchmark:
         - TCP Packet Stream -> SoA Allocation -> MLIR SIMD Math: 4.2028 ms

--- 🚀 [Orchestrator] Intercepted execution of revenue_app.main.get_revenue [TABULAR] ---
[Hijacker] 🗄️ Bypassing standard driver. Initiating Universal Wire bypass...
      📊 Universal Wire Decoder Benchmark:
         - TCP Packet Stream -> SoA Allocation -> MLIR SIMD Math: 4.4359 ms

--- 🚀 [Orchestrator] Intercepted execution of revenue_app.main.get_revenue [TABULAR] ---
[Hijacker] 🗄️ Bypassing standard driver. Initiating Universal Wire bypass...
      📊 Universal Wire Decoder Benchmark:
         - TCP Packet Stream -> SoA Allocation -> MLIR SIMD Math: 4.4458 ms

--- 🚀 [Orchestrator] Intercepted execution of revenue_app.main.get_revenue [TABULAR] ---
[Hijacker] 🗄️ Bypassing standard driver. Initiating Universal Wire bypass...
      📊 Universal Wire Decoder Benchmark:
         - TCP Packet Stream -> SoA Allocation -> MLIR SIMD Math: 4.3503 ms

--- 🚀 [Orchestrator] Intercepted execution of revenue_app.main.get_revenue [TABULAR] ---
[Hijacker] 🗄️ Bypassing standard driver. Initiating Universal Wire bypass...
      📊 Universal Wire Decoder Benchmark:
         - TCP Packet Stream -> SoA Allocation -> MLIR SIMD Math: 4.5653 ms

--- 🚀 [Orchestrator] Intercepted execution of revenue_app.main.get_revenue [TABULAR] ---
[Hijacker] 🗄️ Bypassing standard driver. Initiating Universal Wire bypass...
      📊 Universal Wire Decoder Benchmark:
         - TCP Packet Stream -> SoA Allocation -> MLIR SIMD Math: 4.5882 ms

--- 🚀 [Orchestrator] Intercepted execution of revenue_app.main.get_revenue [TABULAR] ---
[Hijacker] 🗄️ Bypassing standard driver. Initiating Universal Wire bypass...
      📊 Universal Wire Decoder Benchmark:
         - TCP Packet Stream -> SoA Allocation -> MLIR SIMD Math: 4.4330 ms

--- 🚀 [Orchestrator] Intercepted execution of revenue_app.main.get_revenue [TABULAR] ---
[Hijacker] 🗄️ Bypassing standard driver. Initiating Universal Wire bypass...
      📊 Universal Wire Decoder Benchmark:
         - TCP Packet Stream -> SoA Allocation -> MLIR SIMD Math: 4.4110 ms

--- 🚀 [Orchestrator] Intercepted execution of revenue_app.main.get_revenue [TABULAR] ---
[Hijacker] 🗄️ Bypassing standard driver. Initiating Universal Wire bypass...
      📊 Universal Wire Decoder Benchmark:
         - TCP Packet Stream -> SoA Allocation -> MLIR SIMD Math: 5.8119 ms

--- 🚀 [Orchestrator] Intercepted execution of revenue_app.main.get_revenue [TABULAR] ---
[Hijacker] 🗄️ Bypassing standard driver. Initiating Universal Wire bypass...
      📊 Universal Wire Decoder Benchmark:
         - TCP Packet Stream -> SoA Allocation -> MLIR SIMD Math: 4.7310 ms

--- 🚀 [Orchestrator] Intercepted execution of revenue_app.main.get_revenue [TABULAR] ---
[Hijacker] 🗄️ Bypassing standard driver. Initiating Universal Wire bypass...
      📊 Universal Wire Decoder Benchmark:
         - TCP Packet Stream -> SoA Allocation -> MLIR SIMD Math: 4.4575 ms

--- 🚀 [Orchestrator] Intercepted execution of revenue_app.main.get_revenue [TABULAR] ---
[Hijacker] 🗄️ Bypassing standard driver. Initiating Universal Wire bypass...
      📊 Universal Wire Decoder Benchmark:
         - TCP Packet Stream -> SoA Allocation -> MLIR SIMD Math: 4.1811 ms

--- 🚀 [Orchestrator] Intercepted execution of revenue_app.main.get_revenue [TABULAR] ---
[Hijacker] 🗄️ Bypassing standard driver. Initiating Universal Wire bypass...
      📊 Universal Wire Decoder Benchmark:
         - TCP Packet Stream -> SoA Allocation -> MLIR SIMD Math: 4.5895 ms

--- 🚀 [Orchestrator] Intercepted execution of revenue_app.main.get_revenue [TABULAR] ---
[Hijacker] 🗄️ Bypassing standard driver. Initiating Universal Wire bypass...
      📊 Universal Wire Decoder Benchmark:
         - TCP Packet Stream -> SoA Allocation -> MLIR SIMD Math: 4.3703 ms

--- 🚀 [Orchestrator] Intercepted execution of revenue_app.main.get_revenue [TABULAR] ---
[Hijacker] 🗄️ Bypassing standard driver. Initiating Universal Wire bypass...
      📊 Universal Wire Decoder Benchmark:
         - TCP Packet Stream -> SoA Allocation -> MLIR SIMD Math: 4.4117 ms

--- 🚀 [Orchestrator] Intercepted execution of revenue_app.main.get_revenue [TABULAR] ---
[Hijacker] 🗄️ Bypassing standard driver. Initiating Universal Wire bypass...
      📊 Universal Wire Decoder Benchmark:
         - TCP Packet Stream -> SoA Allocation -> MLIR SIMD Math: 4.3803 ms

--- 🚀 [Orchestrator] Intercepted execution of revenue_app.main.get_revenue [TABULAR] ---
[Hijacker] 🗄️ Bypassing standard driver. Initiating Universal Wire bypass...
      📊 Universal Wire Decoder Benchmark:
         - TCP Packet Stream -> SoA Allocation -> MLIR SIMD Math: 4.7209 ms

--- 🚀 [Orchestrator] Intercepted execution of revenue_app.main.get_revenue [TABULAR] ---
[Hijacker] 🗄️ Bypassing standard driver. Initiating Universal Wire bypass...
      📊 Universal Wire Decoder Benchmark:
         - TCP Packet Stream -> SoA Allocation -> MLIR SIMD Math: 4.4535 ms

--- 🚀 [Orchestrator] Intercepted execution of revenue_app.main.get_revenue [TABULAR] ---
[Hijacker] 🗄️ Bypassing standard driver. Initiating Universal Wire bypass...
      📊 Universal Wire Decoder Benchmark:
         - TCP Packet Stream -> SoA Allocation -> MLIR SIMD Math: 4.4414 ms

--- 🚀 [Orchestrator] Intercepted execution of revenue_app.main.get_revenue [TABULAR] ---
[Hijacker] 🗄️ Bypassing standard driver. Initiating Universal Wire bypass...
      📊 Universal Wire Decoder Benchmark:
         - TCP Packet Stream -> SoA Allocation -> MLIR SIMD Math: 4.3061 ms

--- 🚀 [Orchestrator] Intercepted execution of revenue_app.main.get_revenue [TABULAR] ---
[Hijacker] 🗄️ Bypassing standard driver. Initiating Universal Wire bypass...
      📊 Universal Wire Decoder Benchmark:
         - TCP Packet Stream -> SoA Allocation -> MLIR SIMD Math: 4.4021 ms

--- 🚀 [Orchestrator] Intercepted execution of revenue_app.main.get_revenue [TABULAR] ---
[Hijacker] 🗄️ Bypassing standard driver. Initiating Universal Wire bypass...
      📊 Universal Wire Decoder Benchmark:
         - TCP Packet Stream -> SoA Allocation -> MLIR SIMD Math: 6.2914 ms

--- 🚀 [Orchestrator] Intercepted execution of revenue_app.main.get_revenue [TABULAR] ---
[Hijacker] 🗄️ Bypassing standard driver. Initiating Universal Wire bypass...
      📊 Universal Wire Decoder Benchmark:
         - TCP Packet Stream -> SoA Allocation -> MLIR SIMD Math: 4.6098 ms

--- 🚀 [Orchestrator] Intercepted execution of revenue_app.main.get_revenue [TABULAR] ---
[Hijacker] 🗄️ Bypassing standard driver. Initiating Universal Wire bypass...
      📊 Universal Wire Decoder Benchmark:
         - TCP Packet Stream -> SoA Allocation -> MLIR SIMD Math: 4.4482 ms

--- 🚀 [Orchestrator] Intercepted execution of revenue_app.main.get_revenue [TABULAR] ---
[Hijacker] 🗄️ Bypassing standard driver. Initiating Universal Wire bypass...
      📊 Universal Wire Decoder Benchmark:
         - TCP Packet Stream -> SoA Allocation -> MLIR SIMD Math: 4.8511 ms

--- 🚀 [Orchestrator] Intercepted execution of revenue_app.main.get_revenue [TABULAR] ---
[Hijacker] 🗄️ Bypassing standard driver. Initiating Universal Wire bypass...
      📊 Universal Wire Decoder Benchmark:
         - TCP Packet Stream -> SoA Allocation -> MLIR SIMD Math: 4.5353 ms

--- 🚀 [Orchestrator] Intercepted execution of revenue_app.main.get_revenue [TABULAR] ---
[Hijacker] 🗄️ Bypassing standard driver. Initiating Universal Wire bypass...
      📊 Universal Wire Decoder Benchmark:
         - TCP Packet Stream -> SoA Allocation -> MLIR SIMD Math: 4.4476 ms

--- 🚀 [Orchestrator] Intercepted execution of revenue_app.main.get_revenue [TABULAR] ---
[Hijacker] 🗄️ Bypassing standard driver. Initiating Universal Wire bypass...
      📊 Universal Wire Decoder Benchmark:
         - TCP Packet Stream -> SoA Allocation -> MLIR SIMD Math: 4.4079 ms

--- 🚀 [Orchestrator] Intercepted execution of revenue_app.main.get_revenue [TABULAR] ---
[Hijacker] 🗄️ Bypassing standard driver. Initiating Universal Wire bypass...
      📊 Universal Wire Decoder Benchmark:
         - TCP Packet Stream -> SoA Allocation -> MLIR SIMD Math: 4.5327 ms

--- 🚀 [Orchestrator] Intercepted execution of revenue_app.main.get_revenue [TABULAR] ---
[Hijacker] 🗄️ Bypassing standard driver. Initiating Universal Wire bypass...
      📊 Universal Wire Decoder Benchmark:
         - TCP Packet Stream -> SoA Allocation -> MLIR SIMD Math: 4.5707 ms

--- 🚀 [Orchestrator] Intercepted execution of revenue_app.main.get_revenue [TABULAR] ---
[Hijacker] 🗄️ Bypassing standard driver. Initiating Universal Wire bypass...
      📊 Universal Wire Decoder Benchmark:
         - TCP Packet Stream -> SoA Allocation -> MLIR SIMD Math: 4.6677 ms

--- 🚀 [Orchestrator] Intercepted execution of revenue_app.main.get_revenue [TABULAR] ---
[Hijacker] 🗄️ Bypassing standard driver. Initiating Universal Wire bypass...
      📊 Universal Wire Decoder Benchmark:
         - TCP Packet Stream -> SoA Allocation -> MLIR SIMD Math: 4.4585 ms

--- 🚀 [Orchestrator] Intercepted execution of revenue_app.main.get_revenue [TABULAR] ---
[Hijacker] 🗄️ Bypassing standard driver. Initiating Universal Wire bypass...
      📊 Universal Wire Decoder Benchmark:
         - TCP Packet Stream -> SoA Allocation -> MLIR SIMD Math: 4.4579 ms

--- 🚀 [Orchestrator] Intercepted execution of revenue_app.main.get_revenue [TABULAR] ---
[Hijacker] 🗄️ Bypassing standard driver. Initiating Universal Wire bypass...
      📊 Universal Wire Decoder Benchmark:
         - TCP Packet Stream -> SoA Allocation -> MLIR SIMD Math: 4.4376 ms

--- 🚀 [Orchestrator] Intercepted execution of revenue_app.main.get_revenue [TABULAR] ---
[Hijacker] 🗄️ Bypassing standard driver. Initiating Universal Wire bypass...
      📊 Universal Wire Decoder Benchmark:
         - TCP Packet Stream -> SoA Allocation -> MLIR SIMD Math: 6.4175 ms

--- 🚀 [Orchestrator] Intercepted execution of revenue_app.main.get_revenue [TABULAR] ---
[Hijacker] 🗄️ Bypassing standard driver. Initiating Universal Wire bypass...
      📊 Universal Wire Decoder Benchmark:
         - TCP Packet Stream -> SoA Allocation -> MLIR SIMD Math: 4.5370 ms

--- 🚀 [Orchestrator] Intercepted execution of revenue_app.main.get_revenue [TABULAR] ---
[Hijacker] 🗄️ Bypassing standard driver. Initiating Universal Wire bypass...
      📊 Universal Wire Decoder Benchmark:
         - TCP Packet Stream -> SoA Allocation -> MLIR SIMD Math: 4.4876 ms

--- 🚀 [Orchestrator] Intercepted execution of revenue_app.main.get_revenue [TABULAR] ---
[Hijacker] 🗄️ Bypassing standard driver. Initiating Universal Wire bypass...
      📊 Universal Wire Decoder Benchmark:
         - TCP Packet Stream -> SoA Allocation -> MLIR SIMD Math: 4.7985 ms

--- 🚀 [Orchestrator] Intercepted execution of revenue_app.main.get_revenue [TABULAR] ---
[Hijacker] 🗄️ Bypassing standard driver. Initiating Universal Wire bypass...
      📊 Universal Wire Decoder Benchmark:
         - TCP Packet Stream -> SoA Allocation -> MLIR SIMD Math: 4.5400 ms

--- 🚀 [Orchestrator] Intercepted execution of revenue_app.main.get_revenue [TABULAR] ---
[Hijacker] 🗄️ Bypassing standard driver. Initiating Universal Wire bypass...
      📊 Universal Wire Decoder Benchmark:
         - TCP Packet Stream -> SoA Allocation -> MLIR SIMD Math: 4.7007 ms

--- 🚀 [Orchestrator] Intercepted execution of revenue_app.main.get_revenue [TABULAR] ---
[Hijacker] 🗄️ Bypassing standard driver. Initiating Universal Wire bypass...
      📊 Universal Wire Decoder Benchmark:
         - TCP Packet Stream -> SoA Allocation -> MLIR SIMD Math: 4.7523 ms

--- 🚀 [Orchestrator] Intercepted execution of revenue_app.main.get_revenue [TABULAR] ---
[Hijacker] 🗄️ Bypassing standard driver. Initiating Universal Wire bypass...
      📊 Universal Wire Decoder Benchmark:
         - TCP Packet Stream -> SoA Allocation -> MLIR SIMD Math: 4.5485 ms

--- 🚀 [Orchestrator] Intercepted execution of revenue_app.main.get_revenue [TABULAR] ---
[Hijacker] 🗄️ Bypassing standard driver. Initiating Universal Wire bypass...
      📊 Universal Wire Decoder Benchmark:
         - TCP Packet Stream -> SoA Allocation -> MLIR SIMD Math: 4.4947 ms

--- 🚀 [Orchestrator] Intercepted execution of revenue_app.main.get_revenue [TABULAR] ---
[Hijacker] 🗄️ Bypassing standard driver. Initiating Universal Wire bypass...
      📊 Universal Wire Decoder Benchmark:
         - TCP Packet Stream -> SoA Allocation -> MLIR SIMD Math: 4.7314 ms

--- 🚀 [Orchestrator] Intercepted execution of revenue_app.main.get_revenue [TABULAR] ---
[Hijacker] 🗄️ Bypassing standard driver. Initiating Universal Wire bypass...
      📊 Universal Wire Decoder Benchmark:
         - TCP Packet Stream -> SoA Allocation -> MLIR SIMD Math: 4.6577 ms

--- 🚀 [Orchestrator] Intercepted execution of revenue_app.main.get_revenue [TABULAR] ---
[Hijacker] 🗄️ Bypassing standard driver. Initiating Universal Wire bypass...
      📊 Universal Wire Decoder Benchmark:
         - TCP Packet Stream -> SoA Allocation -> MLIR SIMD Math: 4.9126 ms

--- 🚀 [Orchestrator] Intercepted execution of revenue_app.main.get_revenue [TABULAR] ---
[Hijacker] 🗄️ Bypassing standard driver. Initiating Universal Wire bypass...
      📊 Universal Wire Decoder Benchmark:
         - TCP Packet Stream -> SoA Allocation -> MLIR SIMD Math: 4.3270 ms

--- 🚀 [Orchestrator] Intercepted execution of revenue_app.main.get_revenue [TABULAR] ---
[Hijacker] 🗄️ Bypassing standard driver. Initiating Universal Wire bypass...
      📊 Universal Wire Decoder Benchmark:
         - TCP Packet Stream -> SoA Allocation -> MLIR SIMD Math: 4.5928 ms

--- 🚀 [Orchestrator] Intercepted execution of revenue_app.main.get_revenue [TABULAR] ---
[Hijacker] 🗄️ Bypassing standard driver. Initiating Universal Wire bypass...
      📊 Universal Wire Decoder Benchmark:
         - TCP Packet Stream -> SoA Allocation -> MLIR SIMD Math: 7.0513 ms

--- 🚀 [Orchestrator] Intercepted execution of revenue_app.main.get_revenue [TABULAR] ---
[Hijacker] 🗄️ Bypassing standard driver. Initiating Universal Wire bypass...
      📊 Universal Wire Decoder Benchmark:
         - TCP Packet Stream -> SoA Allocation -> MLIR SIMD Math: 4.8694 ms

--- 🚀 [Orchestrator] Intercepted execution of revenue_app.main.get_revenue [TABULAR] ---
[Hijacker] 🗄️ Bypassing standard driver. Initiating Universal Wire bypass...
      📊 Universal Wire Decoder Benchmark:
         - TCP Packet Stream -> SoA Allocation -> MLIR SIMD Math: 4.6699 ms

--- 🚀 [Orchestrator] Intercepted execution of revenue_app.main.get_revenue [TABULAR] ---
[Hijacker] 🗄️ Bypassing standard driver. Initiating Universal Wire bypass...
      📊 Universal Wire Decoder Benchmark:
         - TCP Packet Stream -> SoA Allocation -> MLIR SIMD Math: 4.7073 ms

--- 🚀 [Orchestrator] Intercepted execution of revenue_app.main.get_revenue [TABULAR] ---
[Hijacker] 🗄️ Bypassing standard driver. Initiating Universal Wire bypass...
      📊 Universal Wire Decoder Benchmark:
         - TCP Packet Stream -> SoA Allocation -> MLIR SIMD Math: 4.8705 ms

--- 🚀 [Orchestrator] Intercepted execution of revenue_app.main.get_revenue [TABULAR] ---
[Hijacker] 🗄️ Bypassing standard driver. Initiating Universal Wire bypass...
      📊 Universal Wire Decoder Benchmark:
         - TCP Packet Stream -> SoA Allocation -> MLIR SIMD Math: 4.4449 ms

--- 🚀 [Orchestrator] Intercepted execution of revenue_app.main.get_revenue [TABULAR] ---
[Hijacker] 🗄️ Bypassing standard driver. Initiating Universal Wire bypass...
      📊 Universal Wire Decoder Benchmark:
         - TCP Packet Stream -> SoA Allocation -> MLIR SIMD Math: 4.5328 ms

--- 🚀 [Orchestrator] Intercepted execution of revenue_app.main.get_revenue [TABULAR] ---
[Hijacker] 🗄️ Bypassing standard driver. Initiating Universal Wire bypass...
      📊 Universal Wire Decoder Benchmark:
         - TCP Packet Stream -> SoA Allocation -> MLIR SIMD Math: 4.9761 ms

--- 🚀 [Orchestrator] Intercepted execution of revenue_app.main.get_revenue [TABULAR] ---
[Hijacker] 🗄️ Bypassing standard driver. Initiating Universal Wire bypass...
      📊 Universal Wire Decoder Benchmark:
         - TCP Packet Stream -> SoA Allocation -> MLIR SIMD Math: 4.7505 ms

--- 🚀 [Orchestrator] Intercepted execution of revenue_app.main.get_revenue [TABULAR] ---
[Hijacker] 🗄️ Bypassing standard driver. Initiating Universal Wire bypass...
      📊 Universal Wire Decoder Benchmark:
         - TCP Packet Stream -> SoA Allocation -> MLIR SIMD Math: 4.4113 ms

--- 🚀 [Orchestrator] Intercepted execution of revenue_app.main.get_revenue [TABULAR] ---
[Hijacker] 🗄️ Bypassing standard driver. Initiating Universal Wire bypass...
      📊 Universal Wire Decoder Benchmark:
         - TCP Packet Stream -> SoA Allocation -> MLIR SIMD Math: 4.5369 ms

--- 🚀 [Orchestrator] Intercepted execution of revenue_app.main.get_revenue [TABULAR] ---
[Hijacker] 🗄️ Bypassing standard driver. Initiating Universal Wire bypass...
      📊 Universal Wire Decoder Benchmark:
         - TCP Packet Stream -> SoA Allocation -> MLIR SIMD Math: 4.4709 ms

--- 🚀 [Orchestrator] Intercepted execution of revenue_app.main.get_revenue [TABULAR] ---
[Hijacker] 🗄️ Bypassing standard driver. Initiating Universal Wire bypass...
      📊 Universal Wire Decoder Benchmark:
         - TCP Packet Stream -> SoA Allocation -> MLIR SIMD Math: 4.7973 ms

--- 🚀 [Orchestrator] Intercepted execution of revenue_app.main.get_revenue [TABULAR] ---
[Hijacker] 🗄️ Bypassing standard driver. Initiating Universal Wire bypass...
      📊 Universal Wire Decoder Benchmark:
         - TCP Packet Stream -> SoA Allocation -> MLIR SIMD Math: 4.4747 ms

--- 🚀 [Orchestrator] Intercepted execution of revenue_app.main.get_revenue [TABULAR] ---
[Hijacker] 🗄️ Bypassing standard driver. Initiating Universal Wire bypass...
      📊 Universal Wire Decoder Benchmark:
         - TCP Packet Stream -> SoA Allocation -> MLIR SIMD Math: 4.8459 ms

--- 🚀 [Orchestrator] Intercepted execution of revenue_app.main.get_revenue [TABULAR] ---
[Hijacker] 🗄️ Bypassing standard driver. Initiating Universal Wire bypass...
      📊 Universal Wire Decoder Benchmark:
         - TCP Packet Stream -> SoA Allocation -> MLIR SIMD Math: 4.7490 ms

--- 🚀 [Orchestrator] Intercepted execution of revenue_app.main.get_revenue [TABULAR] ---
[Hijacker] 🗄️ Bypassing standard driver. Initiating Universal Wire bypass...
      📊 Universal Wire Decoder Benchmark:
         - TCP Packet Stream -> SoA Allocation -> MLIR SIMD Math: 4.8050 ms

--- 🚀 [Orchestrator] Intercepted execution of revenue_app.main.get_revenue [TABULAR] ---
[Hijacker] 🗄️ Bypassing standard driver. Initiating Universal Wire bypass...
      📊 Universal Wire Decoder Benchmark:
         - TCP Packet Stream -> SoA Allocation -> MLIR SIMD Math: 4.8537 ms

--- 🚀 [Orchestrator] Intercepted execution of revenue_app.main.get_revenue [TABULAR] ---
[Hijacker] 🗄️ Bypassing standard driver. Initiating Universal Wire bypass...
      📊 Universal Wire Decoder Benchmark:
         - TCP Packet Stream -> SoA Allocation -> MLIR SIMD Math: 4.9673 ms

--- 🚀 [Orchestrator] Intercepted execution of revenue_app.main.get_revenue [TABULAR] ---
[Hijacker] 🗄️ Bypassing standard driver. Initiating Universal Wire bypass...
      📊 Universal Wire Decoder Benchmark:
         - TCP Packet Stream -> SoA Allocation -> MLIR SIMD Math: 4.5120 ms

--- 🚀 [Orchestrator] Intercepted execution of revenue_app.main.get_revenue [TABULAR] ---
[Hijacker] 🗄️ Bypassing standard driver. Initiating Universal Wire bypass...
      📊 Universal Wire Decoder Benchmark:
         - TCP Packet Stream -> SoA Allocation -> MLIR SIMD Math: 4.4915 ms

--- 🚀 [Orchestrator] Intercepted execution of revenue_app.main.get_revenue [TABULAR] ---
[Hijacker] 🗄️ Bypassing standard driver. Initiating Universal Wire bypass...
      📊 Universal Wire Decoder Benchmark:
         - TCP Packet Stream -> SoA Allocation -> MLIR SIMD Math: 4.6304 ms

--- 🚀 [Orchestrator] Intercepted execution of revenue_app.main.get_revenue [TABULAR] ---
[Hijacker] 🗄️ Bypassing standard driver. Initiating Universal Wire bypass...
      📊 Universal Wire Decoder Benchmark:
         - TCP Packet Stream -> SoA Allocation -> MLIR SIMD Math: 4.6825 ms

--- 🚀 [Orchestrator] Intercepted execution of revenue_app.main.get_revenue [TABULAR] ---
[Hijacker] 🗄️ Bypassing standard driver. Initiating Universal Wire bypass...
      📊 Universal Wire Decoder Benchmark:
         - TCP Packet Stream -> SoA Allocation -> MLIR SIMD Math: 4.4863 ms

--- 🚀 [Orchestrator] Intercepted execution of revenue_app.main.get_revenue [TABULAR] ---
[Hijacker] 🗄️ Bypassing standard driver. Initiating Universal Wire bypass...
      📊 Universal Wire Decoder Benchmark:
         - TCP Packet Stream -> SoA Allocation -> MLIR SIMD Math: 4.5479 ms

--- 🚀 [Orchestrator] Intercepted execution of revenue_app.main.get_revenue [TABULAR] ---
[Hijacker] 🗄️ Bypassing standard driver. Initiating Universal Wire bypass...
      📊 Universal Wire Decoder Benchmark:
         - TCP Packet Stream -> SoA Allocation -> MLIR SIMD Math: 4.9453 ms

--- 🚀 [Orchestrator] Intercepted execution of revenue_app.main.get_revenue [TABULAR] ---
[Hijacker] 🗄️ Bypassing standard driver. Initiating Universal Wire bypass...
      📊 Universal Wire Decoder Benchmark:
         - TCP Packet Stream -> SoA Allocation -> MLIR SIMD Math: 4.5262 ms

--- 🚀 [Orchestrator] Intercepted execution of revenue_app.main.get_revenue [TABULAR] ---
[Hijacker] 🗄️ Bypassing standard driver. Initiating Universal Wire bypass...
      📊 Universal Wire Decoder Benchmark:
         - TCP Packet Stream -> SoA Allocation -> MLIR SIMD Math: 4.5200 ms

--- 🚀 [Orchestrator] Intercepted execution of revenue_app.main.get_revenue [TABULAR] ---
[Hijacker] 🗄️ Bypassing standard driver. Initiating Universal Wire bypass...
      📊 Universal Wire Decoder Benchmark:
         - TCP Packet Stream -> SoA Allocation -> MLIR SIMD Math: 4.5146 ms

--- 🚀 [Orchestrator] Intercepted execution of revenue_app.main.get_revenue [TABULAR] ---
[Hijacker] 🗄️ Bypassing standard driver. Initiating Universal Wire bypass...
      📊 Universal Wire Decoder Benchmark:
         - TCP Packet Stream -> SoA Allocation -> MLIR SIMD Math: 6.3859 ms

--- 🚀 [Orchestrator] Intercepted execution of revenue_app.main.get_revenue [TABULAR] ---
[Hijacker] 🗄️ Bypassing standard driver. Initiating Universal Wire bypass...
      📊 Universal Wire Decoder Benchmark:
         - TCP Packet Stream -> SoA Allocation -> MLIR SIMD Math: 4.7991 ms

--- 🚀 [Orchestrator] Intercepted execution of revenue_app.main.get_revenue [TABULAR] ---
[Hijacker] 🗄️ Bypassing standard driver. Initiating Universal Wire bypass...
      📊 Universal Wire Decoder Benchmark:
         - TCP Packet Stream -> SoA Allocation -> MLIR SIMD Math: 4.3770 ms

--- 🚀 [Orchestrator] Intercepted execution of revenue_app.main.get_revenue [TABULAR] ---
[Hijacker] 🗄️ Bypassing standard driver. Initiating Universal Wire bypass...
      📊 Universal Wire Decoder Benchmark:
         - TCP Packet Stream -> SoA Allocation -> MLIR SIMD Math: 4.4190 ms

--- 🚀 [Orchestrator] Intercepted execution of revenue_app.main.get_revenue [TABULAR] ---
[Hijacker] 🗄️ Bypassing standard driver. Initiating Universal Wire bypass...
      📊 Universal Wire Decoder Benchmark:
         - TCP Packet Stream -> SoA Allocation -> MLIR SIMD Math: 4.5057 ms

--- 🚀 [Orchestrator] Intercepted execution of revenue_app.main.get_revenue [TABULAR] ---
[Hijacker] 🗄️ Bypassing standard driver. Initiating Universal Wire bypass...
      📊 Universal Wire Decoder Benchmark:
         - TCP Packet Stream -> SoA Allocation -> MLIR SIMD Math: 4.7845 ms

--- 🚀 [Orchestrator] Intercepted execution of revenue_app.main.get_revenue [TABULAR] ---
[Hijacker] 🗄️ Bypassing standard driver. Initiating Universal Wire bypass...
      📊 Universal Wire Decoder Benchmark:
         - TCP Packet Stream -> SoA Allocation -> MLIR SIMD Math: 4.4126 ms

--- 🚀 [Orchestrator] Intercepted execution of revenue_app.main.get_revenue [TABULAR] ---
[Hijacker] 🗄️ Bypassing standard driver. Initiating Universal Wire bypass...
      📊 Universal Wire Decoder Benchmark:
         - TCP Packet Stream -> SoA Allocation -> MLIR SIMD Math: 4.4517 ms

--- 🚀 [Orchestrator] Intercepted execution of revenue_app.main.get_revenue [TABULAR] ---
[Hijacker] 🗄️ Bypassing standard driver. Initiating Universal Wire bypass...
      📊 Universal Wire Decoder Benchmark:
         - TCP Packet Stream -> SoA Allocation -> MLIR SIMD Math: 4.4671 ms

--- 🚀 [Orchestrator] Intercepted execution of revenue_app.main.get_revenue [TABULAR] ---
[Hijacker] 🗄️ Bypassing standard driver. Initiating Universal Wire bypass...
      📊 Universal Wire Decoder Benchmark:
         - TCP Packet Stream -> SoA Allocation -> MLIR SIMD Math: 4.4390 ms

--- 🚀 [Orchestrator] Intercepted execution of revenue_app.main.get_revenue [TABULAR] ---
[Hijacker] 🗄️ Bypassing standard driver. Initiating Universal Wire bypass...
      📊 Universal Wire Decoder Benchmark:
         - TCP Packet Stream -> SoA Allocation -> MLIR SIMD Math: 4.5721 ms

--- 🚀 [Orchestrator] Intercepted execution of revenue_app.main.get_revenue [TABULAR] ---
[Hijacker] 🗄️ Bypassing standard driver. Initiating Universal Wire bypass...
      📊 Universal Wire Decoder Benchmark:
         - TCP Packet Stream -> SoA Allocation -> MLIR SIMD Math: 4.4800 ms

--- 🚀 [Orchestrator] Intercepted execution of revenue_app.main.get_revenue [TABULAR] ---
[Hijacker] 🗄️ Bypassing standard driver. Initiating Universal Wire bypass...
      📊 Universal Wire Decoder Benchmark:
         - TCP Packet Stream -> SoA Allocation -> MLIR SIMD Math: 4.6289 ms

--- 🚀 [Orchestrator] Intercepted execution of revenue_app.main.get_revenue [TABULAR] ---
[Hijacker] 🗄️ Bypassing standard driver. Initiating Universal Wire bypass...
      📊 Universal Wire Decoder Benchmark:
         - TCP Packet Stream -> SoA Allocation -> MLIR SIMD Math: 9.6533 ms

--- 🚀 [Orchestrator] Intercepted execution of revenue_app.main.get_revenue [TABULAR] ---
[Hijacker] 🗄️ Bypassing standard driver. Initiating Universal Wire bypass...
      📊 Universal Wire Decoder Benchmark:
         - TCP Packet Stream -> SoA Allocation -> MLIR SIMD Math: 5.1046 ms

--- 🚀 [Orchestrator] Intercepted execution of revenue_app.main.get_revenue [TABULAR] ---
[Hijacker] 🗄️ Bypassing standard driver. Initiating Universal Wire bypass...
      📊 Universal Wire Decoder Benchmark:
         - TCP Packet Stream -> SoA Allocation -> MLIR SIMD Math: 4.6096 ms

--- 🚀 [Orchestrator] Intercepted execution of revenue_app.main.get_revenue [TABULAR] ---
[Hijacker] 🗄️ Bypassing standard driver. Initiating Universal Wire bypass...
      📊 Universal Wire Decoder Benchmark:
         - TCP Packet Stream -> SoA Allocation -> MLIR SIMD Math: 4.5842 ms

--- 🚀 [Orchestrator] Intercepted execution of revenue_app.main.get_revenue [TABULAR] ---
[Hijacker] 🗄️ Bypassing standard driver. Initiating Universal Wire bypass...
      📊 Universal Wire Decoder Benchmark:
         - TCP Packet Stream -> SoA Allocation -> MLIR SIMD Math: 4.5937 ms

--- 🚀 [Orchestrator] Intercepted execution of revenue_app.main.get_revenue [TABULAR] ---
[Hijacker] 🗄️ Bypassing standard driver. Initiating Universal Wire bypass...
      📊 Universal Wire Decoder Benchmark:
         - TCP Packet Stream -> SoA Allocation -> MLIR SIMD Math: 4.5106 ms

--- 🚀 [Orchestrator] Intercepted execution of revenue_app.main.get_revenue [TABULAR] ---
[Hijacker] 🗄️ Bypassing standard driver. Initiating Universal Wire bypass...
      📊 Universal Wire Decoder Benchmark:
         - TCP Packet Stream -> SoA Allocation -> MLIR SIMD Math: 4.7171 ms

--- 🚀 [Orchestrator] Intercepted execution of revenue_app.main.get_revenue [TABULAR] ---
[Hijacker] 🗄️ Bypassing standard driver. Initiating Universal Wire bypass...
      📊 Universal Wire Decoder Benchmark:
         - TCP Packet Stream -> SoA Allocation -> MLIR SIMD Math: 4.5513 ms

--- 🚀 [Orchestrator] Intercepted execution of revenue_app.main.get_revenue [TABULAR] ---
[Hijacker] 🗄️ Bypassing standard driver. Initiating Universal Wire bypass...
      📊 Universal Wire Decoder Benchmark:
         - TCP Packet Stream -> SoA Allocation -> MLIR SIMD Math: 4.4588 ms

--- 🚀 [Orchestrator] Intercepted execution of revenue_app.main.get_revenue [TABULAR] ---
[Hijacker] 🗄️ Bypassing standard driver. Initiating Universal Wire bypass...
      📊 Universal Wire Decoder Benchmark:
         - TCP Packet Stream -> SoA Allocation -> MLIR SIMD Math: 4.3540 ms

--- 🚀 [Orchestrator] Intercepted execution of revenue_app.main.get_revenue [TABULAR] ---
[Hijacker] 🗄️ Bypassing standard driver. Initiating Universal Wire bypass...
      📊 Universal Wire Decoder Benchmark:
         - TCP Packet Stream -> SoA Allocation -> MLIR SIMD Math: 4.4534 ms

--- 🚀 [Orchestrator] Intercepted execution of revenue_app.main.get_revenue [TABULAR] ---
[Hijacker] 🗄️ Bypassing standard driver. Initiating Universal Wire bypass...
      📊 Universal Wire Decoder Benchmark:
         - TCP Packet Stream -> SoA Allocation -> MLIR SIMD Math: 4.6802 ms

--- 🚀 [Orchestrator] Intercepted execution of revenue_app.main.get_revenue [TABULAR] ---
[Hijacker] 🗄️ Bypassing standard driver. Initiating Universal Wire bypass...
      📊 Universal Wire Decoder Benchmark:
         - TCP Packet Stream -> SoA Allocation -> MLIR SIMD Math: 4.5091 ms

--- 🚀 [Orchestrator] Intercepted execution of revenue_app.main.get_revenue [TABULAR] ---
[Hijacker] 🗄️ Bypassing standard driver. Initiating Universal Wire bypass...
      📊 Universal Wire Decoder Benchmark:
         - TCP Packet Stream -> SoA Allocation -> MLIR SIMD Math: 6.3159 ms

--- 🚀 [Orchestrator] Intercepted execution of revenue_app.main.get_revenue [TABULAR] ---
[Hijacker] 🗄️ Bypassing standard driver. Initiating Universal Wire bypass...
      📊 Universal Wire Decoder Benchmark:
         - TCP Packet Stream -> SoA Allocation -> MLIR SIMD Math: 4.8443 ms

--- 🚀 [Orchestrator] Intercepted execution of revenue_app.main.get_revenue [TABULAR] ---
[Hijacker] 🗄️ Bypassing standard driver. Initiating Universal Wire bypass...
      📊 Universal Wire Decoder Benchmark:
         - TCP Packet Stream -> SoA Allocation -> MLIR SIMD Math: 4.5538 ms

--- 🚀 [Orchestrator] Intercepted execution of revenue_app.main.get_revenue [TABULAR] ---
[Hijacker] 🗄️ Bypassing standard driver. Initiating Universal Wire bypass...
      📊 Universal Wire Decoder Benchmark:
         - TCP Packet Stream -> SoA Allocation -> MLIR SIMD Math: 4.5117 ms

--- 🚀 [Orchestrator] Intercepted execution of revenue_app.main.get_revenue [TABULAR] ---
[Hijacker] 🗄️ Bypassing standard driver. Initiating Universal Wire bypass...
      📊 Universal Wire Decoder Benchmark:
         - TCP Packet Stream -> SoA Allocation -> MLIR SIMD Math: 4.5408 ms

--- 🚀 [Orchestrator] Intercepted execution of revenue_app.main.get_revenue [TABULAR] ---
[Hijacker] 🗄️ Bypassing standard driver. Initiating Universal Wire bypass...
      📊 Universal Wire Decoder Benchmark:
         - TCP Packet Stream -> SoA Allocation -> MLIR SIMD Math: 4.4259 ms

--- 🚀 [Orchestrator] Intercepted execution of revenue_app.main.get_revenue [TABULAR] ---
[Hijacker] 🗄️ Bypassing standard driver. Initiating Universal Wire bypass...
      📊 Universal Wire Decoder Benchmark:
         - TCP Packet Stream -> SoA Allocation -> MLIR SIMD Math: 4.3825 ms

--- 🚀 [Orchestrator] Intercepted execution of revenue_app.main.get_revenue [TABULAR] ---
[Hijacker] 🗄️ Bypassing standard driver. Initiating Universal Wire bypass...
      📊 Universal Wire Decoder Benchmark:
         - TCP Packet Stream -> SoA Allocation -> MLIR SIMD Math: 4.5737 ms

--- 🚀 [Orchestrator] Intercepted execution of revenue_app.main.get_revenue [TABULAR] ---
[Hijacker] 🗄️ Bypassing standard driver. Initiating Universal Wire bypass...
      📊 Universal Wire Decoder Benchmark:
         - TCP Packet Stream -> SoA Allocation -> MLIR SIMD Math: 4.7549 ms

--- 🚀 [Orchestrator] Intercepted execution of revenue_app.main.get_revenue [TABULAR] ---
[Hijacker] 🗄️ Bypassing standard driver. Initiating Universal Wire bypass...
      📊 Universal Wire Decoder Benchmark:
         - TCP Packet Stream -> SoA Allocation -> MLIR SIMD Math: 4.5725 ms

--- 🚀 [Orchestrator] Intercepted execution of revenue_app.main.get_revenue [TABULAR] ---
[Hijacker] 🗄️ Bypassing standard driver. Initiating Universal Wire bypass...
      📊 Universal Wire Decoder Benchmark:
         - TCP Packet Stream -> SoA Allocation -> MLIR SIMD Math: 4.4597 ms

--- 🚀 [Orchestrator] Intercepted execution of revenue_app.main.get_revenue [TABULAR] ---
[Hijacker] 🗄️ Bypassing standard driver. Initiating Universal Wire bypass...
      📊 Universal Wire Decoder Benchmark:
         - TCP Packet Stream -> SoA Allocation -> MLIR SIMD Math: 4.7142 ms

--- 🚀 [Orchestrator] Intercepted execution of revenue_app.main.get_revenue [TABULAR] ---
[Hijacker] 🗄️ Bypassing standard driver. Initiating Universal Wire bypass...
      📊 Universal Wire Decoder Benchmark:
         - TCP Packet Stream -> SoA Allocation -> MLIR SIMD Math: 4.4853 ms

--- 🚀 [Orchestrator] Intercepted execution of revenue_app.main.get_revenue [TABULAR] ---
[Hijacker] 🗄️ Bypassing standard driver. Initiating Universal Wire bypass...
      📊 Universal Wire Decoder Benchmark:
         - TCP Packet Stream -> SoA Allocation -> MLIR SIMD Math: 5.5928 ms

--- 🚀 [Orchestrator] Intercepted execution of revenue_app.main.get_revenue [TABULAR] ---
[Hijacker] 🗄️ Bypassing standard driver. Initiating Universal Wire bypass...
      📊 Universal Wire Decoder Benchmark:
         - TCP Packet Stream -> SoA Allocation -> MLIR SIMD Math: 4.9397 ms

--- 🚀 [Orchestrator] Intercepted execution of revenue_app.main.get_revenue [TABULAR] ---
[Hijacker] 🗄️ Bypassing standard driver. Initiating Universal Wire bypass...
      📊 Universal Wire Decoder Benchmark:
         - TCP Packet Stream -> SoA Allocation -> MLIR SIMD Math: 4.5996 ms

--- 🚀 [Orchestrator] Intercepted execution of revenue_app.main.get_revenue [TABULAR] ---
[Hijacker] 🗄️ Bypassing standard driver. Initiating Universal Wire bypass...
      📊 Universal Wire Decoder Benchmark:
         - TCP Packet Stream -> SoA Allocation -> MLIR SIMD Math: 4.3770 ms

--- 🚀 [Orchestrator] Intercepted execution of revenue_app.main.get_revenue [TABULAR] ---
[Hijacker] 🗄️ Bypassing standard driver. Initiating Universal Wire bypass...
      📊 Universal Wire Decoder Benchmark:
         - TCP Packet Stream -> SoA Allocation -> MLIR SIMD Math: 4.4730 ms

--- 🚀 [Orchestrator] Intercepted execution of revenue_app.main.get_revenue [TABULAR] ---
[Hijacker] 🗄️ Bypassing standard driver. Initiating Universal Wire bypass...
      📊 Universal Wire Decoder Benchmark:
         - TCP Packet Stream -> SoA Allocation -> MLIR SIMD Math: 4.5296 ms

--- 🚀 [Orchestrator] Intercepted execution of revenue_app.main.get_revenue [TABULAR] ---
[Hijacker] 🗄️ Bypassing standard driver. Initiating Universal Wire bypass...
      📊 Universal Wire Decoder Benchmark:
         - TCP Packet Stream -> SoA Allocation -> MLIR SIMD Math: 4.6936 ms

--- 🚀 [Orchestrator] Intercepted execution of revenue_app.main.get_revenue [TABULAR] ---
[Hijacker] 🗄️ Bypassing standard driver. Initiating Universal Wire bypass...
      📊 Universal Wire Decoder Benchmark:
         - TCP Packet Stream -> SoA Allocation -> MLIR SIMD Math: 4.6083 ms

--- 🚀 [Orchestrator] Intercepted execution of revenue_app.main.get_revenue [TABULAR] ---
[Hijacker] 🗄️ Bypassing standard driver. Initiating Universal Wire bypass...
      📊 Universal Wire Decoder Benchmark:
         - TCP Packet Stream -> SoA Allocation -> MLIR SIMD Math: 4.6560 ms

--- 🚀 [Orchestrator] Intercepted execution of revenue_app.main.get_revenue [TABULAR] ---
[Hijacker] 🗄️ Bypassing standard driver. Initiating Universal Wire bypass...
      📊 Universal Wire Decoder Benchmark:
         - TCP Packet Stream -> SoA Allocation -> MLIR SIMD Math: 4.6113 ms

--- 🚀 [Orchestrator] Intercepted execution of revenue_app.main.get_revenue [TABULAR] ---
[Hijacker] 🗄️ Bypassing standard driver. Initiating Universal Wire bypass...
      📊 Universal Wire Decoder Benchmark:
         - TCP Packet Stream -> SoA Allocation -> MLIR SIMD Math: 4.7999 ms

--- 🚀 [Orchestrator] Intercepted execution of revenue_app.main.get_revenue [TABULAR] ---
[Hijacker] 🗄️ Bypassing standard driver. Initiating Universal Wire bypass...
      📊 Universal Wire Decoder Benchmark:
         - TCP Packet Stream -> SoA Allocation -> MLIR SIMD Math: 4.3962 ms

--- 🚀 [Orchestrator] Intercepted execution of revenue_app.main.get_revenue [TABULAR] ---
[Hijacker] 🗄️ Bypassing standard driver. Initiating Universal Wire bypass...
      📊 Universal Wire Decoder Benchmark:
         - TCP Packet Stream -> SoA Allocation -> MLIR SIMD Math: 4.4952 ms

--- 🚀 [Orchestrator] Intercepted execution of revenue_app.main.get_revenue [TABULAR] ---
[Hijacker] 🗄️ Bypassing standard driver. Initiating Universal Wire bypass...
      📊 Universal Wire Decoder Benchmark:
         - TCP Packet Stream -> SoA Allocation -> MLIR SIMD Math: 6.2048 ms

--- 🚀 [Orchestrator] Intercepted execution of revenue_app.main.get_revenue [TABULAR] ---
[Hijacker] 🗄️ Bypassing standard driver. Initiating Universal Wire bypass...
      📊 Universal Wire Decoder Benchmark:
         - TCP Packet Stream -> SoA Allocation -> MLIR SIMD Math: 4.5447 ms

--- 🚀 [Orchestrator] Intercepted execution of revenue_app.main.get_revenue [TABULAR] ---
[Hijacker] 🗄️ Bypassing standard driver. Initiating Universal Wire bypass...
      📊 Universal Wire Decoder Benchmark:
         - TCP Packet Stream -> SoA Allocation -> MLIR SIMD Math: 5.0651 ms

--- 🚀 [Orchestrator] Intercepted execution of revenue_app.main.get_revenue [TABULAR] ---
[Hijacker] 🗄️ Bypassing standard driver. Initiating Universal Wire bypass...
      📊 Universal Wire Decoder Benchmark:
         - TCP Packet Stream -> SoA Allocation -> MLIR SIMD Math: 4.6736 ms

--- 🚀 [Orchestrator] Intercepted execution of revenue_app.main.get_revenue [TABULAR] ---
[Hijacker] 🗄️ Bypassing standard driver. Initiating Universal Wire bypass...
      📊 Universal Wire Decoder Benchmark:
         - TCP Packet Stream -> SoA Allocation -> MLIR SIMD Math: 4.6516 ms

--- 🚀 [Orchestrator] Intercepted execution of revenue_app.main.get_revenue [TABULAR] ---
[Hijacker] 🗄️ Bypassing standard driver. Initiating Universal Wire bypass...
      📊 Universal Wire Decoder Benchmark:
         - TCP Packet Stream -> SoA Allocation -> MLIR SIMD Math: 4.5968 ms

--- 🚀 [Orchestrator] Intercepted execution of revenue_app.main.get_revenue [TABULAR] ---
[Hijacker] 🗄️ Bypassing standard driver. Initiating Universal Wire bypass...
      📊 Universal Wire Decoder Benchmark:
         - TCP Packet Stream -> SoA Allocation -> MLIR SIMD Math: 4.7183 ms

--- 🚀 [Orchestrator] Intercepted execution of revenue_app.main.get_revenue [TABULAR] ---
[Hijacker] 🗄️ Bypassing standard driver. Initiating Universal Wire bypass...
      📊 Universal Wire Decoder Benchmark:
         - TCP Packet Stream -> SoA Allocation -> MLIR SIMD Math: 4.5385 ms

--- 🚀 [Orchestrator] Intercepted execution of revenue_app.main.get_revenue [TABULAR] ---
[Hijacker] 🗄️ Bypassing standard driver. Initiating Universal Wire bypass...
      📊 Universal Wire Decoder Benchmark:
         - TCP Packet Stream -> SoA Allocation -> MLIR SIMD Math: 4.4874 ms

--- 🚀 [Orchestrator] Intercepted execution of revenue_app.main.get_revenue [TABULAR] ---
[Hijacker] 🗄️ Bypassing standard driver. Initiating Universal Wire bypass...
      📊 Universal Wire Decoder Benchmark:
         - TCP Packet Stream -> SoA Allocation -> MLIR SIMD Math: 4.7456 ms

--- 🚀 [Orchestrator] Intercepted execution of revenue_app.main.get_revenue [TABULAR] ---
[Hijacker] 🗄️ Bypassing standard driver. Initiating Universal Wire bypass...
      📊 Universal Wire Decoder Benchmark:
         - TCP Packet Stream -> SoA Allocation -> MLIR SIMD Math: 4.4457 ms

--- 🚀 [Orchestrator] Intercepted execution of revenue_app.main.get_revenue [TABULAR] ---
[Hijacker] 🗄️ Bypassing standard driver. Initiating Universal Wire bypass...
      📊 Universal Wire Decoder Benchmark:
         - TCP Packet Stream -> SoA Allocation -> MLIR SIMD Math: 4.5922 ms

--- 🚀 [Orchestrator] Intercepted execution of revenue_app.main.get_revenue [TABULAR] ---
[Hijacker] 🗄️ Bypassing standard driver. Initiating Universal Wire bypass...
      📊 Universal Wire Decoder Benchmark:
         - TCP Packet Stream -> SoA Allocation -> MLIR SIMD Math: 6.5758 ms

--- 🚀 [Orchestrator] Intercepted execution of revenue_app.main.get_revenue [TABULAR] ---
[Hijacker] 🗄️ Bypassing standard driver. Initiating Universal Wire bypass...
      📊 Universal Wire Decoder Benchmark:
         - TCP Packet Stream -> SoA Allocation -> MLIR SIMD Math: 5.2437 ms

--- 🚀 [Orchestrator] Intercepted execution of revenue_app.main.get_revenue [TABULAR] ---
[Hijacker] 🗄️ Bypassing standard driver. Initiating Universal Wire bypass...
      📊 Universal Wire Decoder Benchmark:
         - TCP Packet Stream -> SoA Allocation -> MLIR SIMD Math: 5.0972 ms

--- 🚀 [Orchestrator] Intercepted execution of revenue_app.main.get_revenue [TABULAR] ---
[Hijacker] 🗄️ Bypassing standard driver. Initiating Universal Wire bypass...
      📊 Universal Wire Decoder Benchmark:
         - TCP Packet Stream -> SoA Allocation -> MLIR SIMD Math: 5.0518 ms

--- 🚀 [Orchestrator] Intercepted execution of revenue_app.main.get_revenue [TABULAR] ---
[Hijacker] 🗄️ Bypassing standard driver. Initiating Universal Wire bypass...
      📊 Universal Wire Decoder Benchmark:
         - TCP Packet Stream -> SoA Allocation -> MLIR SIMD Math: 5.1607 ms

--- 🚀 [Orchestrator] Intercepted execution of revenue_app.main.get_revenue [TABULAR] ---
[Hijacker] 🗄️ Bypassing standard driver. Initiating Universal Wire bypass...
      📊 Universal Wire Decoder Benchmark:
         - TCP Packet Stream -> SoA Allocation -> MLIR SIMD Math: 5.0187 ms

--- 🚀 [Orchestrator] Intercepted execution of revenue_app.main.get_revenue [TABULAR] ---
[Hijacker] 🗄️ Bypassing standard driver. Initiating Universal Wire bypass...
      📊 Universal Wire Decoder Benchmark:
         - TCP Packet Stream -> SoA Allocation -> MLIR SIMD Math: 4.9588 ms

--- 🚀 [Orchestrator] Intercepted execution of revenue_app.main.get_revenue [TABULAR] ---
[Hijacker] 🗄️ Bypassing standard driver. Initiating Universal Wire bypass...
      📊 Universal Wire Decoder Benchmark:
         - TCP Packet Stream -> SoA Allocation -> MLIR SIMD Math: 5.1521 ms

--- 🚀 [Orchestrator] Intercepted execution of revenue_app.main.get_revenue [TABULAR] ---
[Hijacker] 🗄️ Bypassing standard driver. Initiating Universal Wire bypass...
      📊 Universal Wire Decoder Benchmark:
         - TCP Packet Stream -> SoA Allocation -> MLIR SIMD Math: 4.9820 ms

--- 🚀 [Orchestrator] Intercepted execution of revenue_app.main.get_revenue [TABULAR] ---
[Hijacker] 🗄️ Bypassing standard driver. Initiating Universal Wire bypass...
      📊 Universal Wire Decoder Benchmark:
         - TCP Packet Stream -> SoA Allocation -> MLIR SIMD Math: 5.0597 ms

--- 🚀 [Orchestrator] Intercepted execution of revenue_app.main.get_revenue [TABULAR] ---
[Hijacker] 🗄️ Bypassing standard driver. Initiating Universal Wire bypass...
      📊 Universal Wire Decoder Benchmark:
         - TCP Packet Stream -> SoA Allocation -> MLIR SIMD Math: 4.8800 ms

--- 🚀 [Orchestrator] Intercepted execution of revenue_app.main.get_revenue [TABULAR] ---
[Hijacker] 🗄️ Bypassing standard driver. Initiating Universal Wire bypass...
      📊 Universal Wire Decoder Benchmark:
         - TCP Packet Stream -> SoA Allocation -> MLIR SIMD Math: 4.9603 ms

--- 🚀 [Orchestrator] Intercepted execution of revenue_app.main.get_revenue [TABULAR] ---
[Hijacker] 🗄️ Bypassing standard driver. Initiating Universal Wire bypass...
      📊 Universal Wire Decoder Benchmark:
         - TCP Packet Stream -> SoA Allocation -> MLIR SIMD Math: 5.3401 ms

--- 🚀 [Orchestrator] Intercepted execution of revenue_app.main.get_revenue [TABULAR] ---
[Hijacker] 🗄️ Bypassing standard driver. Initiating Universal Wire bypass...
      📊 Universal Wire Decoder Benchmark:
         - TCP Packet Stream -> SoA Allocation -> MLIR SIMD Math: 5.0395 ms

--- 🚀 [Orchestrator] Intercepted execution of revenue_app.main.get_revenue [TABULAR] ---
[Hijacker] 🗄️ Bypassing standard driver. Initiating Universal Wire bypass...
      📊 Universal Wire Decoder Benchmark:
         - TCP Packet Stream -> SoA Allocation -> MLIR SIMD Math: 6.9767 ms

--- 🚀 [Orchestrator] Intercepted execution of revenue_app.main.get_revenue [TABULAR] ---
[Hijacker] 🗄️ Bypassing standard driver. Initiating Universal Wire bypass...
      📊 Universal Wire Decoder Benchmark:
         - TCP Packet Stream -> SoA Allocation -> MLIR SIMD Math: 5.2667 ms

--- 🚀 [Orchestrator] Intercepted execution of revenue_app.main.get_revenue [TABULAR] ---
[Hijacker] 🗄️ Bypassing standard driver. Initiating Universal Wire bypass...
      📊 Universal Wire Decoder Benchmark:
         - TCP Packet Stream -> SoA Allocation -> MLIR SIMD Math: 4.8354 ms

--- 🚀 [Orchestrator] Intercepted execution of revenue_app.main.get_revenue [TABULAR] ---
[Hijacker] 🗄️ Bypassing standard driver. Initiating Universal Wire bypass...
      📊 Universal Wire Decoder Benchmark:
         - TCP Packet Stream -> SoA Allocation -> MLIR SIMD Math: 4.5408 ms

--- 🚀 [Orchestrator] Intercepted execution of revenue_app.main.get_revenue [TABULAR] ---
[Hijacker] 🗄️ Bypassing standard driver. Initiating Universal Wire bypass...
      📊 Universal Wire Decoder Benchmark:
         - TCP Packet Stream -> SoA Allocation -> MLIR SIMD Math: 4.5150 ms

--- 🚀 [Orchestrator] Intercepted execution of revenue_app.main.get_revenue [TABULAR] ---
[Hijacker] 🗄️ Bypassing standard driver. Initiating Universal Wire bypass...
      📊 Universal Wire Decoder Benchmark:
         - TCP Packet Stream -> SoA Allocation -> MLIR SIMD Math: 4.7730 ms

--- 🚀 [Orchestrator] Intercepted execution of revenue_app.main.get_revenue [TABULAR] ---
[Hijacker] 🗄️ Bypassing standard driver. Initiating Universal Wire bypass...
      📊 Universal Wire Decoder Benchmark:
         - TCP Packet Stream -> SoA Allocation -> MLIR SIMD Math: 4.5499 ms

--- 🚀 [Orchestrator] Intercepted execution of revenue_app.main.get_revenue [TABULAR] ---
[Hijacker] 🗄️ Bypassing standard driver. Initiating Universal Wire bypass...
      📊 Universal Wire Decoder Benchmark:
         - TCP Packet Stream -> SoA Allocation -> MLIR SIMD Math: 4.4860 ms

--- 🚀 [Orchestrator] Intercepted execution of revenue_app.main.get_revenue [TABULAR] ---
[Hijacker] 🗄️ Bypassing standard driver. Initiating Universal Wire bypass...
      📊 Universal Wire Decoder Benchmark:
         - TCP Packet Stream -> SoA Allocation -> MLIR SIMD Math: 4.6770 ms

--- 🚀 [Orchestrator] Intercepted execution of revenue_app.main.get_revenue [TABULAR] ---
[Hijacker] 🗄️ Bypassing standard driver. Initiating Universal Wire bypass...
      📊 Universal Wire Decoder Benchmark:
         - TCP Packet Stream -> SoA Allocation -> MLIR SIMD Math: 4.5448 ms

--- 🚀 [Orchestrator] Intercepted execution of revenue_app.main.get_revenue [TABULAR] ---
[Hijacker] 🗄️ Bypassing standard driver. Initiating Universal Wire bypass...
      📊 Universal Wire Decoder Benchmark:
         - TCP Packet Stream -> SoA Allocation -> MLIR SIMD Math: 4.4482 ms

--- 🚀 [Orchestrator] Intercepted execution of revenue_app.main.get_revenue [TABULAR] ---
[Hijacker] 🗄️ Bypassing standard driver. Initiating Universal Wire bypass...
      📊 Universal Wire Decoder Benchmark:
         - TCP Packet Stream -> SoA Allocation -> MLIR SIMD Math: 4.8096 ms

--- 🚀 [Orchestrator] Intercepted execution of revenue_app.main.get_revenue [TABULAR] ---
[Hijacker] 🗄️ Bypassing standard driver. Initiating Universal Wire bypass...
      📊 Universal Wire Decoder Benchmark:
         - TCP Packet Stream -> SoA Allocation -> MLIR SIMD Math: 4.3303 ms

--- 🚀 [Orchestrator] Intercepted execution of revenue_app.main.get_revenue [TABULAR] ---
[Hijacker] 🗄️ Bypassing standard driver. Initiating Universal Wire bypass...
      📊 Universal Wire Decoder Benchmark:
         - TCP Packet Stream -> SoA Allocation -> MLIR SIMD Math: 4.4990 ms

--- 🚀 [Orchestrator] Intercepted execution of revenue_app.main.get_revenue [TABULAR] ---
[Hijacker] 🗄️ Bypassing standard driver. Initiating Universal Wire bypass...
      📊 Universal Wire Decoder Benchmark:
         - TCP Packet Stream -> SoA Allocation -> MLIR SIMD Math: 4.9286 ms

--- 🚀 [Orchestrator] Intercepted execution of revenue_app.main.get_revenue [TABULAR] ---
[Hijacker] 🗄️ Bypassing standard driver. Initiating Universal Wire bypass...
      📊 Universal Wire Decoder Benchmark:
         - TCP Packet Stream -> SoA Allocation -> MLIR SIMD Math: 4.5969 ms

--- 🚀 [Orchestrator] Intercepted execution of revenue_app.main.get_revenue [TABULAR] ---
[Hijacker] 🗄️ Bypassing standard driver. Initiating Universal Wire bypass...
      📊 Universal Wire Decoder Benchmark:
         - TCP Packet Stream -> SoA Allocation -> MLIR SIMD Math: 4.4831 ms

--- 🚀 [Orchestrator] Intercepted execution of revenue_app.main.get_revenue [TABULAR] ---
[Hijacker] 🗄️ Bypassing standard driver. Initiating Universal Wire bypass...
      📊 Universal Wire Decoder Benchmark:
         - TCP Packet Stream -> SoA Allocation -> MLIR SIMD Math: 4.4569 ms

--- 🚀 [Orchestrator] Intercepted execution of revenue_app.main.get_revenue [TABULAR] ---
[Hijacker] 🗄️ Bypassing standard driver. Initiating Universal Wire bypass...
      📊 Universal Wire Decoder Benchmark:
         - TCP Packet Stream -> SoA Allocation -> MLIR SIMD Math: 4.9978 ms

--- 🚀 [Orchestrator] Intercepted execution of revenue_app.main.get_revenue [TABULAR] ---
[Hijacker] 🗄️ Bypassing standard driver. Initiating Universal Wire bypass...
      📊 Universal Wire Decoder Benchmark:
         - TCP Packet Stream -> SoA Allocation -> MLIR SIMD Math: 4.6678 ms

--- 🚀 [Orchestrator] Intercepted execution of revenue_app.main.get_revenue [TABULAR] ---
[Hijacker] 🗄️ Bypassing standard driver. Initiating Universal Wire bypass...
      📊 Universal Wire Decoder Benchmark:
         - TCP Packet Stream -> SoA Allocation -> MLIR SIMD Math: 4.5210 ms

--- 🚀 [Orchestrator] Intercepted execution of revenue_app.main.get_revenue [TABULAR] ---
[Hijacker] 🗄️ Bypassing standard driver. Initiating Universal Wire bypass...
      📊 Universal Wire Decoder Benchmark:
         - TCP Packet Stream -> SoA Allocation -> MLIR SIMD Math: 4.7911 ms

--- 🚀 [Orchestrator] Intercepted execution of revenue_app.main.get_revenue [TABULAR] ---
[Hijacker] 🗄️ Bypassing standard driver. Initiating Universal Wire bypass...
      📊 Universal Wire Decoder Benchmark:
         - TCP Packet Stream -> SoA Allocation -> MLIR SIMD Math: 4.5116 ms

--- 🚀 [Orchestrator] Intercepted execution of revenue_app.main.get_revenue [TABULAR] ---
[Hijacker] 🗄️ Bypassing standard driver. Initiating Universal Wire bypass...
      📊 Universal Wire Decoder Benchmark:
         - TCP Packet Stream -> SoA Allocation -> MLIR SIMD Math: 4.5109 ms

--- 🚀 [Orchestrator] Intercepted execution of revenue_app.main.get_revenue [TABULAR] ---
[Hijacker] 🗄️ Bypassing standard driver. Initiating Universal Wire bypass...
      📊 Universal Wire Decoder Benchmark:
         - TCP Packet Stream -> SoA Allocation -> MLIR SIMD Math: 4.6765 ms

--- 🚀 [Orchestrator] Intercepted execution of revenue_app.main.get_revenue [TABULAR] ---
[Hijacker] 🗄️ Bypassing standard driver. Initiating Universal Wire bypass...
      📊 Universal Wire Decoder Benchmark:
         - TCP Packet Stream -> SoA Allocation -> MLIR SIMD Math: 4.7224 ms

--- 🚀 [Orchestrator] Intercepted execution of revenue_app.main.get_revenue [TABULAR] ---
[Hijacker] 🗄️ Bypassing standard driver. Initiating Universal Wire bypass...
      📊 Universal Wire Decoder Benchmark:
         - TCP Packet Stream -> SoA Allocation -> MLIR SIMD Math: 4.5029 ms

--- 🚀 [Orchestrator] Intercepted execution of revenue_app.main.get_revenue [TABULAR] ---
[Hijacker] 🗄️ Bypassing standard driver. Initiating Universal Wire bypass...
      📊 Universal Wire Decoder Benchmark:
         - TCP Packet Stream -> SoA Allocation -> MLIR SIMD Math: 4.5185 ms

--- 🚀 [Orchestrator] Intercepted execution of revenue_app.main.get_revenue [TABULAR] ---
[Hijacker] 🗄️ Bypassing standard driver. Initiating Universal Wire bypass...
      📊 Universal Wire Decoder Benchmark:
         - TCP Packet Stream -> SoA Allocation -> MLIR SIMD Math: 5.8500 ms

--- 🚀 [Orchestrator] Intercepted execution of revenue_app.main.get_revenue [TABULAR] ---
[Hijacker] 🗄️ Bypassing standard driver. Initiating Universal Wire bypass...
      📊 Universal Wire Decoder Benchmark:
         - TCP Packet Stream -> SoA Allocation -> MLIR SIMD Math: 4.7346 ms

--- 🚀 [Orchestrator] Intercepted execution of revenue_app.main.get_revenue [TABULAR] ---
[Hijacker] 🗄️ Bypassing standard driver. Initiating Universal Wire bypass...
      📊 Universal Wire Decoder Benchmark:
         - TCP Packet Stream -> SoA Allocation -> MLIR SIMD Math: 4.7500 ms

--- 🚀 [Orchestrator] Intercepted execution of revenue_app.main.get_revenue [TABULAR] ---
[Hijacker] 🗄️ Bypassing standard driver. Initiating Universal Wire bypass...
      📊 Universal Wire Decoder Benchmark:
         - TCP Packet Stream -> SoA Allocation -> MLIR SIMD Math: 4.4840 ms

--- 🚀 [Orchestrator] Intercepted execution of revenue_app.main.get_revenue [TABULAR] ---
[Hijacker] 🗄️ Bypassing standard driver. Initiating Universal Wire bypass...
      📊 Universal Wire Decoder Benchmark:
         - TCP Packet Stream -> SoA Allocation -> MLIR SIMD Math: 4.4854 ms

--- 🚀 [Orchestrator] Intercepted execution of revenue_app.main.get_revenue [TABULAR] ---
[Hijacker] 🗄️ Bypassing standard driver. Initiating Universal Wire bypass...
      📊 Universal Wire Decoder Benchmark:
         - TCP Packet Stream -> SoA Allocation -> MLIR SIMD Math: 4.4557 ms

--- 🚀 [Orchestrator] Intercepted execution of revenue_app.main.get_revenue [TABULAR] ---
[Hijacker] 🗄️ Bypassing standard driver. Initiating Universal Wire bypass...
      📊 Universal Wire Decoder Benchmark:
         - TCP Packet Stream -> SoA Allocation -> MLIR SIMD Math: 4.7785 ms

--- 🚀 [Orchestrator] Intercepted execution of revenue_app.main.get_revenue [TABULAR] ---
[Hijacker] 🗄️ Bypassing standard driver. Initiating Universal Wire bypass...
      📊 Universal Wire Decoder Benchmark:
         - TCP Packet Stream -> SoA Allocation -> MLIR SIMD Math: 4.6008 ms

--- 🚀 [Orchestrator] Intercepted execution of revenue_app.main.get_revenue [TABULAR] ---
[Hijacker] 🗄️ Bypassing standard driver. Initiating Universal Wire bypass...
      📊 Universal Wire Decoder Benchmark:
         - TCP Packet Stream -> SoA Allocation -> MLIR SIMD Math: 4.5071 ms

--- 🚀 [Orchestrator] Intercepted execution of revenue_app.main.get_revenue [TABULAR] ---
[Hijacker] 🗄️ Bypassing standard driver. Initiating Universal Wire bypass...
      📊 Universal Wire Decoder Benchmark:
         - TCP Packet Stream -> SoA Allocation -> MLIR SIMD Math: 4.5378 ms

--- 🚀 [Orchestrator] Intercepted execution of revenue_app.main.get_revenue [TABULAR] ---
[Hijacker] 🗄️ Bypassing standard driver. Initiating Universal Wire bypass...
      📊 Universal Wire Decoder Benchmark:
         - TCP Packet Stream -> SoA Allocation -> MLIR SIMD Math: 4.8525 ms

--- 🚀 [Orchestrator] Intercepted execution of revenue_app.main.get_revenue [TABULAR] ---
[Hijacker] 🗄️ Bypassing standard driver. Initiating Universal Wire bypass...
      📊 Universal Wire Decoder Benchmark:
         - TCP Packet Stream -> SoA Allocation -> MLIR SIMD Math: 4.6399 ms

--- 🚀 [Orchestrator] Intercepted execution of revenue_app.main.get_revenue [TABULAR] ---
[Hijacker] 🗄️ Bypassing standard driver. Initiating Universal Wire bypass...
      📊 Universal Wire Decoder Benchmark:
         - TCP Packet Stream -> SoA Allocation -> MLIR SIMD Math: 4.7771 ms

--- 🚀 [Orchestrator] Intercepted execution of revenue_app.main.get_revenue [TABULAR] ---
[Hijacker] 🗄️ Bypassing standard driver. Initiating Universal Wire bypass...
      📊 Universal Wire Decoder Benchmark:
         - TCP Packet Stream -> SoA Allocation -> MLIR SIMD Math: 4.4547 ms

--- 🚀 [Orchestrator] Intercepted execution of revenue_app.main.get_revenue [TABULAR] ---
[Hijacker] 🗄️ Bypassing standard driver. Initiating Universal Wire bypass...
      📊 Universal Wire Decoder Benchmark:
         - TCP Packet Stream -> SoA Allocation -> MLIR SIMD Math: 5.9659 ms

--- 🚀 [Orchestrator] Intercepted execution of revenue_app.main.get_revenue [TABULAR] ---
[Hijacker] 🗄️ Bypassing standard driver. Initiating Universal Wire bypass...
      📊 Universal Wire Decoder Benchmark:
         - TCP Packet Stream -> SoA Allocation -> MLIR SIMD Math: 4.7050 ms

--- 🚀 [Orchestrator] Intercepted execution of revenue_app.main.get_revenue [TABULAR] ---
[Hijacker] 🗄️ Bypassing standard driver. Initiating Universal Wire bypass...
      📊 Universal Wire Decoder Benchmark:
         - TCP Packet Stream -> SoA Allocation -> MLIR SIMD Math: 5.0552 ms

--- 🚀 [Orchestrator] Intercepted execution of revenue_app.main.get_revenue [TABULAR] ---
[Hijacker] 🗄️ Bypassing standard driver. Initiating Universal Wire bypass...
      📊 Universal Wire Decoder Benchmark:
         - TCP Packet Stream -> SoA Allocation -> MLIR SIMD Math: 4.4446 ms

--- 🚀 [Orchestrator] Intercepted execution of revenue_app.main.get_revenue [TABULAR] ---
[Hijacker] 🗄️ Bypassing standard driver. Initiating Universal Wire bypass...
      📊 Universal Wire Decoder Benchmark:
         - TCP Packet Stream -> SoA Allocation -> MLIR SIMD Math: 4.3797 ms

--- 🚀 [Orchestrator] Intercepted execution of revenue_app.main.get_revenue [TABULAR] ---
[Hijacker] 🗄️ Bypassing standard driver. Initiating Universal Wire bypass...
      📊 Universal Wire Decoder Benchmark:
         - TCP Packet Stream -> SoA Allocation -> MLIR SIMD Math: 4.3892 ms

--- 🚀 [Orchestrator] Intercepted execution of revenue_app.main.get_revenue [TABULAR] ---
[Hijacker] 🗄️ Bypassing standard driver. Initiating Universal Wire bypass...
      📊 Universal Wire Decoder Benchmark:
         - TCP Packet Stream -> SoA Allocation -> MLIR SIMD Math: 4.4436 ms

--- 🚀 [Orchestrator] Intercepted execution of revenue_app.main.get_revenue [TABULAR] ---
[Hijacker] 🗄️ Bypassing standard driver. Initiating Universal Wire bypass...
      📊 Universal Wire Decoder Benchmark:
         - TCP Packet Stream -> SoA Allocation -> MLIR SIMD Math: 4.6226 ms

--- 🚀 [Orchestrator] Intercepted execution of revenue_app.main.get_revenue [TABULAR] ---
[Hijacker] 🗄️ Bypassing standard driver. Initiating Universal Wire bypass...
      📊 Universal Wire Decoder Benchmark:
         - TCP Packet Stream -> SoA Allocation -> MLIR SIMD Math: 4.5293 ms

--- 🚀 [Orchestrator] Intercepted execution of revenue_app.main.get_revenue [TABULAR] ---
[Hijacker] 🗄️ Bypassing standard driver. Initiating Universal Wire bypass...
      📊 Universal Wire Decoder Benchmark:
         - TCP Packet Stream -> SoA Allocation -> MLIR SIMD Math: 4.6505 ms

--- 🚀 [Orchestrator] Intercepted execution of revenue_app.main.get_revenue [TABULAR] ---
[Hijacker] 🗄️ Bypassing standard driver. Initiating Universal Wire bypass...
      📊 Universal Wire Decoder Benchmark:
         - TCP Packet Stream -> SoA Allocation -> MLIR SIMD Math: 4.6960 ms

--- 🚀 [Orchestrator] Intercepted execution of revenue_app.main.get_revenue [TABULAR] ---
[Hijacker] 🗄️ Bypassing standard driver. Initiating Universal Wire bypass...
      📊 Universal Wire Decoder Benchmark:
         - TCP Packet Stream -> SoA Allocation -> MLIR SIMD Math: 4.5260 ms

--- 🚀 [Orchestrator] Intercepted execution of revenue_app.main.get_revenue [TABULAR] ---
[Hijacker] 🗄️ Bypassing standard driver. Initiating Universal Wire bypass...
      📊 Universal Wire Decoder Benchmark:
         - TCP Packet Stream -> SoA Allocation -> MLIR SIMD Math: 4.4352 ms

--- 🚀 [Orchestrator] Intercepted execution of revenue_app.main.get_revenue [TABULAR] ---
[Hijacker] 🗄️ Bypassing standard driver. Initiating Universal Wire bypass...
      📊 Universal Wire Decoder Benchmark:
         - TCP Packet Stream -> SoA Allocation -> MLIR SIMD Math: 4.3755 ms

--- 🚀 [Orchestrator] Intercepted execution of revenue_app.main.get_revenue [TABULAR] ---
[Hijacker] 🗄️ Bypassing standard driver. Initiating Universal Wire bypass...
      📊 Universal Wire Decoder Benchmark:
         - TCP Packet Stream -> SoA Allocation -> MLIR SIMD Math: 6.2035 ms

--- 🚀 [Orchestrator] Intercepted execution of revenue_app.main.get_revenue [TABULAR] ---
[Hijacker] 🗄️ Bypassing standard driver. Initiating Universal Wire bypass...
      📊 Universal Wire Decoder Benchmark:
         - TCP Packet Stream -> SoA Allocation -> MLIR SIMD Math: 4.4199 ms

--- 🚀 [Orchestrator] Intercepted execution of revenue_app.main.get_revenue [TABULAR] ---
[Hijacker] 🗄️ Bypassing standard driver. Initiating Universal Wire bypass...
      📊 Universal Wire Decoder Benchmark:
         - TCP Packet Stream -> SoA Allocation -> MLIR SIMD Math: 4.4143 ms

--- 🚀 [Orchestrator] Intercepted execution of revenue_app.main.get_revenue [TABULAR] ---
[Hijacker] 🗄️ Bypassing standard driver. Initiating Universal Wire bypass...
      📊 Universal Wire Decoder Benchmark:
         - TCP Packet Stream -> SoA Allocation -> MLIR SIMD Math: 4.4998 ms

--- 🚀 [Orchestrator] Intercepted execution of revenue_app.main.get_revenue [TABULAR] ---
[Hijacker] 🗄️ Bypassing standard driver. Initiating Universal Wire bypass...
      📊 Universal Wire Decoder Benchmark:
         - TCP Packet Stream -> SoA Allocation -> MLIR SIMD Math: 4.4462 ms

--- 🚀 [Orchestrator] Intercepted execution of revenue_app.main.get_revenue [TABULAR] ---
[Hijacker] 🗄️ Bypassing standard driver. Initiating Universal Wire bypass...
      📊 Universal Wire Decoder Benchmark:
         - TCP Packet Stream -> SoA Allocation -> MLIR SIMD Math: 4.6720 ms

--- 🚀 [Orchestrator] Intercepted execution of revenue_app.main.get_revenue [TABULAR] ---
[Hijacker] 🗄️ Bypassing standard driver. Initiating Universal Wire bypass...
      📊 Universal Wire Decoder Benchmark:
         - TCP Packet Stream -> SoA Allocation -> MLIR SIMD Math: 4.4661 ms

--- 🚀 [Orchestrator] Intercepted execution of revenue_app.main.get_revenue [TABULAR] ---
[Hijacker] 🗄️ Bypassing standard driver. Initiating Universal Wire bypass...
      📊 Universal Wire Decoder Benchmark:
         - TCP Packet Stream -> SoA Allocation -> MLIR SIMD Math: 4.4340 ms

--- 🚀 [Orchestrator] Intercepted execution of revenue_app.main.get_revenue [TABULAR] ---
[Hijacker] 🗄️ Bypassing standard driver. Initiating Universal Wire bypass...
      📊 Universal Wire Decoder Benchmark:
         - TCP Packet Stream -> SoA Allocation -> MLIR SIMD Math: 4.4081 ms

--- 🚀 [Orchestrator] Intercepted execution of revenue_app.main.get_revenue [TABULAR] ---
[Hijacker] 🗄️ Bypassing standard driver. Initiating Universal Wire bypass...
      📊 Universal Wire Decoder Benchmark:
         - TCP Packet Stream -> SoA Allocation -> MLIR SIMD Math: 4.4213 ms

--- 🚀 [Orchestrator] Intercepted execution of revenue_app.main.get_revenue [TABULAR] ---
[Hijacker] 🗄️ Bypassing standard driver. Initiating Universal Wire bypass...
      📊 Universal Wire Decoder Benchmark:
         - TCP Packet Stream -> SoA Allocation -> MLIR SIMD Math: 4.3700 ms

--- 🚀 [Orchestrator] Intercepted execution of revenue_app.main.get_revenue [TABULAR] ---
[Hijacker] 🗄️ Bypassing standard driver. Initiating Universal Wire bypass...
      📊 Universal Wire Decoder Benchmark:
         - TCP Packet Stream -> SoA Allocation -> MLIR SIMD Math: 4.5147 ms

--- 🚀 [Orchestrator] Intercepted execution of revenue_app.main.get_revenue [TABULAR] ---
[Hijacker] 🗄️ Bypassing standard driver. Initiating Universal Wire bypass...
      📊 Universal Wire Decoder Benchmark:
         - TCP Packet Stream -> SoA Allocation -> MLIR SIMD Math: 4.7237 ms

--- 🚀 [Orchestrator] Intercepted execution of revenue_app.main.get_revenue [TABULAR] ---
[Hijacker] 🗄️ Bypassing standard driver. Initiating Universal Wire bypass...
      📊 Universal Wire Decoder Benchmark:
         - TCP Packet Stream -> SoA Allocation -> MLIR SIMD Math: 4.4831 ms

--- 🚀 [Orchestrator] Intercepted execution of revenue_app.main.get_revenue [TABULAR] ---
[Hijacker] 🗄️ Bypassing standard driver. Initiating Universal Wire bypass...
      📊 Universal Wire Decoder Benchmark:
         - TCP Packet Stream -> SoA Allocation -> MLIR SIMD Math: 5.8723 ms

--- 🚀 [Orchestrator] Intercepted execution of revenue_app.main.get_revenue [TABULAR] ---
[Hijacker] 🗄️ Bypassing standard driver. Initiating Universal Wire bypass...
      📊 Universal Wire Decoder Benchmark:
         - TCP Packet Stream -> SoA Allocation -> MLIR SIMD Math: 4.7241 ms

--- 🚀 [Orchestrator] Intercepted execution of revenue_app.main.get_revenue [TABULAR] ---
[Hijacker] 🗄️ Bypassing standard driver. Initiating Universal Wire bypass...
      📊 Universal Wire Decoder Benchmark:
         - TCP Packet Stream -> SoA Allocation -> MLIR SIMD Math: 4.3255 ms

--- 🚀 [Orchestrator] Intercepted execution of revenue_app.main.get_revenue [TABULAR] ---
[Hijacker] 🗄️ Bypassing standard driver. Initiating Universal Wire bypass...
      📊 Universal Wire Decoder Benchmark:
         - TCP Packet Stream -> SoA Allocation -> MLIR SIMD Math: 4.3532 ms

--- 🚀 [Orchestrator] Intercepted execution of revenue_app.main.get_revenue [TABULAR] ---
[Hijacker] 🗄️ Bypassing standard driver. Initiating Universal Wire bypass...
      📊 Universal Wire Decoder Benchmark:
         - TCP Packet Stream -> SoA Allocation -> MLIR SIMD Math: 4.4853 ms

--- 🚀 [Orchestrator] Intercepted execution of revenue_app.main.get_revenue [TABULAR] ---
[Hijacker] 🗄️ Bypassing standard driver. Initiating Universal Wire bypass...
      📊 Universal Wire Decoder Benchmark:
         - TCP Packet Stream -> SoA Allocation -> MLIR SIMD Math: 4.7213 ms

--- 🚀 [Orchestrator] Intercepted execution of revenue_app.main.get_revenue [TABULAR] ---
[Hijacker] 🗄️ Bypassing standard driver. Initiating Universal Wire bypass...
      📊 Universal Wire Decoder Benchmark:
         - TCP Packet Stream -> SoA Allocation -> MLIR SIMD Math: 4.5252 ms

--- 🚀 [Orchestrator] Intercepted execution of revenue_app.main.get_revenue [TABULAR] ---
[Hijacker] 🗄️ Bypassing standard driver. Initiating Universal Wire bypass...
      📊 Universal Wire Decoder Benchmark:
         - TCP Packet Stream -> SoA Allocation -> MLIR SIMD Math: 4.4793 ms

--- 🚀 [Orchestrator] Intercepted execution of revenue_app.main.get_revenue [TABULAR] ---
[Hijacker] 🗄️ Bypassing standard driver. Initiating Universal Wire bypass...
      📊 Universal Wire Decoder Benchmark:
         - TCP Packet Stream -> SoA Allocation -> MLIR SIMD Math: 4.4549 ms

--- 🚀 [Orchestrator] Intercepted execution of revenue_app.main.get_revenue [TABULAR] ---
[Hijacker] 🗄️ Bypassing standard driver. Initiating Universal Wire bypass...
      📊 Universal Wire Decoder Benchmark:
         - TCP Packet Stream -> SoA Allocation -> MLIR SIMD Math: 4.5888 ms

--- 🚀 [Orchestrator] Intercepted execution of revenue_app.main.get_revenue [TABULAR] ---
[Hijacker] 🗄️ Bypassing standard driver. Initiating Universal Wire bypass...
      📊 Universal Wire Decoder Benchmark:
         - TCP Packet Stream -> SoA Allocation -> MLIR SIMD Math: 4.5237 ms

--- 🚀 [Orchestrator] Intercepted execution of revenue_app.main.get_revenue [TABULAR] ---
[Hijacker] 🗄️ Bypassing standard driver. Initiating Universal Wire bypass...
      📊 Universal Wire Decoder Benchmark:
         - TCP Packet Stream -> SoA Allocation -> MLIR SIMD Math: 4.4557 ms

--- 🚀 [Orchestrator] Intercepted execution of revenue_app.main.get_revenue [TABULAR] ---
[Hijacker] 🗄️ Bypassing standard driver. Initiating Universal Wire bypass...
      📊 Universal Wire Decoder Benchmark:
         - TCP Packet Stream -> SoA Allocation -> MLIR SIMD Math: 4.4391 ms

--- 🚀 [Orchestrator] Intercepted execution of revenue_app.main.get_revenue [TABULAR] ---
[Hijacker] 🗄️ Bypassing standard driver. Initiating Universal Wire bypass...
      📊 Universal Wire Decoder Benchmark:
         - TCP Packet Stream -> SoA Allocation -> MLIR SIMD Math: 4.4627 ms

--- 🚀 [Orchestrator] Intercepted execution of revenue_app.main.get_revenue [TABULAR] ---
[Hijacker] 🗄️ Bypassing standard driver. Initiating Universal Wire bypass...
      📊 Universal Wire Decoder Benchmark:
         - TCP Packet Stream -> SoA Allocation -> MLIR SIMD Math: 6.0207 ms

--- 🚀 [Orchestrator] Intercepted execution of revenue_app.main.get_revenue [TABULAR] ---
[Hijacker] 🗄️ Bypassing standard driver. Initiating Universal Wire bypass...
      📊 Universal Wire Decoder Benchmark:
         - TCP Packet Stream -> SoA Allocation -> MLIR SIMD Math: 4.6662 ms

--- 🚀 [Orchestrator] Intercepted execution of revenue_app.main.get_revenue [TABULAR] ---
[Hijacker] 🗄️ Bypassing standard driver. Initiating Universal Wire bypass...
      📊 Universal Wire Decoder Benchmark:
         - TCP Packet Stream -> SoA Allocation -> MLIR SIMD Math: 4.6175 ms

--- 🚀 [Orchestrator] Intercepted execution of revenue_app.main.get_revenue [TABULAR] ---
[Hijacker] 🗄️ Bypassing standard driver. Initiating Universal Wire bypass...
      📊 Universal Wire Decoder Benchmark:
         - TCP Packet Stream -> SoA Allocation -> MLIR SIMD Math: 4.4798 ms

--- 🚀 [Orchestrator] Intercepted execution of revenue_app.main.get_revenue [TABULAR] ---
[Hijacker] 🗄️ Bypassing standard driver. Initiating Universal Wire bypass...
      📊 Universal Wire Decoder Benchmark:
         - TCP Packet Stream -> SoA Allocation -> MLIR SIMD Math: 4.4342 ms

--- 🚀 [Orchestrator] Intercepted execution of revenue_app.main.get_revenue [TABULAR] ---
[Hijacker] 🗄️ Bypassing standard driver. Initiating Universal Wire bypass...
      📊 Universal Wire Decoder Benchmark:
         - TCP Packet Stream -> SoA Allocation -> MLIR SIMD Math: 4.6484 ms

--- 🚀 [Orchestrator] Intercepted execution of revenue_app.main.get_revenue [TABULAR] ---
[Hijacker] 🗄️ Bypassing standard driver. Initiating Universal Wire bypass...
      📊 Universal Wire Decoder Benchmark:
         - TCP Packet Stream -> SoA Allocation -> MLIR SIMD Math: 4.4133 ms

--- 🚀 [Orchestrator] Intercepted execution of revenue_app.main.get_revenue [TABULAR] ---
[Hijacker] 🗄️ Bypassing standard driver. Initiating Universal Wire bypass...
      📊 Universal Wire Decoder Benchmark:
         - TCP Packet Stream -> SoA Allocation -> MLIR SIMD Math: 4.4196 ms

--- 🚀 [Orchestrator] Intercepted execution of revenue_app.main.get_revenue [TABULAR] ---
[Hijacker] 🗄️ Bypassing standard driver. Initiating Universal Wire bypass...
      📊 Universal Wire Decoder Benchmark:
         - TCP Packet Stream -> SoA Allocation -> MLIR SIMD Math: 4.3698 ms

--- 🚀 [Orchestrator] Intercepted execution of revenue_app.main.get_revenue [TABULAR] ---
[Hijacker] 🗄️ Bypassing standard driver. Initiating Universal Wire bypass...
      📊 Universal Wire Decoder Benchmark:
         - TCP Packet Stream -> SoA Allocation -> MLIR SIMD Math: 4.6603 ms

--- 🚀 [Orchestrator] Intercepted execution of revenue_app.main.get_revenue [TABULAR] ---
[Hijacker] 🗄️ Bypassing standard driver. Initiating Universal Wire bypass...
      📊 Universal Wire Decoder Benchmark:
         - TCP Packet Stream -> SoA Allocation -> MLIR SIMD Math: 4.5105 ms

--- 🚀 [Orchestrator] Intercepted execution of revenue_app.main.get_revenue [TABULAR] ---
[Hijacker] 🗄️ Bypassing standard driver. Initiating Universal Wire bypass...
      📊 Universal Wire Decoder Benchmark:
         - TCP Packet Stream -> SoA Allocation -> MLIR SIMD Math: 4.4903 ms

--- 🚀 [Orchestrator] Intercepted execution of revenue_app.main.get_revenue [TABULAR] ---
[Hijacker] 🗄️ Bypassing standard driver. Initiating Universal Wire bypass...
      📊 Universal Wire Decoder Benchmark:
         - TCP Packet Stream -> SoA Allocation -> MLIR SIMD Math: 4.4363 ms

--- 🚀 [Orchestrator] Intercepted execution of revenue_app.main.get_revenue [TABULAR] ---
[Hijacker] 🗄️ Bypassing standard driver. Initiating Universal Wire bypass...
      📊 Universal Wire Decoder Benchmark:
         - TCP Packet Stream -> SoA Allocation -> MLIR SIMD Math: 4.7255 ms

--- 🚀 [Orchestrator] Intercepted execution of revenue_app.main.get_revenue [TABULAR] ---
[Hijacker] 🗄️ Bypassing standard driver. Initiating Universal Wire bypass...
      📊 Universal Wire Decoder Benchmark:
         - TCP Packet Stream -> SoA Allocation -> MLIR SIMD Math: 6.0168 ms

--- 🚀 [Orchestrator] Intercepted execution of revenue_app.main.get_revenue [TABULAR] ---
[Hijacker] 🗄️ Bypassing standard driver. Initiating Universal Wire bypass...
      📊 Universal Wire Decoder Benchmark:
         - TCP Packet Stream -> SoA Allocation -> MLIR SIMD Math: 4.5022 ms

--- 🚀 [Orchestrator] Intercepted execution of revenue_app.main.get_revenue [TABULAR] ---
[Hijacker] 🗄️ Bypassing standard driver. Initiating Universal Wire bypass...
      📊 Universal Wire Decoder Benchmark:
         - TCP Packet Stream -> SoA Allocation -> MLIR SIMD Math: 4.3275 ms

--- 🚀 [Orchestrator] Intercepted execution of revenue_app.main.get_revenue [TABULAR] ---
[Hijacker] 🗄️ Bypassing standard driver. Initiating Universal Wire bypass...
      📊 Universal Wire Decoder Benchmark:
         - TCP Packet Stream -> SoA Allocation -> MLIR SIMD Math: 4.3488 ms

--- 🚀 [Orchestrator] Intercepted execution of revenue_app.main.get_revenue [TABULAR] ---
[Hijacker] 🗄️ Bypassing standard driver. Initiating Universal Wire bypass...
      📊 Universal Wire Decoder Benchmark:
         - TCP Packet Stream -> SoA Allocation -> MLIR SIMD Math: 4.9098 ms

--- 🚀 [Orchestrator] Intercepted execution of revenue_app.main.get_revenue [TABULAR] ---
[Hijacker] 🗄️ Bypassing standard driver. Initiating Universal Wire bypass...
      📊 Universal Wire Decoder Benchmark:
         - TCP Packet Stream -> SoA Allocation -> MLIR SIMD Math: 4.6949 ms

--- 🚀 [Orchestrator] Intercepted execution of revenue_app.main.get_revenue [TABULAR] ---
[Hijacker] 🗄️ Bypassing standard driver. Initiating Universal Wire bypass...
      📊 Universal Wire Decoder Benchmark:
         - TCP Packet Stream -> SoA Allocation -> MLIR SIMD Math: 4.5072 ms

--- 🚀 [Orchestrator] Intercepted execution of revenue_app.main.get_revenue [TABULAR] ---
[Hijacker] 🗄️ Bypassing standard driver. Initiating Universal Wire bypass...
      📊 Universal Wire Decoder Benchmark:
         - TCP Packet Stream -> SoA Allocation -> MLIR SIMD Math: 4.5532 ms

--- 🚀 [Orchestrator] Intercepted execution of revenue_app.main.get_revenue [TABULAR] ---
[Hijacker] 🗄️ Bypassing standard driver. Initiating Universal Wire bypass...
      📊 Universal Wire Decoder Benchmark:
         - TCP Packet Stream -> SoA Allocation -> MLIR SIMD Math: 4.4279 ms

--- 🚀 [Orchestrator] Intercepted execution of revenue_app.main.get_revenue [TABULAR] ---
[Hijacker] 🗄️ Bypassing standard driver. Initiating Universal Wire bypass...
      📊 Universal Wire Decoder Benchmark:
         - TCP Packet Stream -> SoA Allocation -> MLIR SIMD Math: 4.6269 ms

--- 🚀 [Orchestrator] Intercepted execution of revenue_app.main.get_revenue [TABULAR] ---
[Hijacker] 🗄️ Bypassing standard driver. Initiating Universal Wire bypass...
      📊 Universal Wire Decoder Benchmark:
         - TCP Packet Stream -> SoA Allocation -> MLIR SIMD Math: 4.6086 ms

--- 🚀 [Orchestrator] Intercepted execution of revenue_app.main.get_revenue [TABULAR] ---
[Hijacker] 🗄️ Bypassing standard driver. Initiating Universal Wire bypass...
      📊 Universal Wire Decoder Benchmark:
         - TCP Packet Stream -> SoA Allocation -> MLIR SIMD Math: 4.5268 ms

--- 🚀 [Orchestrator] Intercepted execution of revenue_app.main.get_revenue [TABULAR] ---
[Hijacker] 🗄️ Bypassing standard driver. Initiating Universal Wire bypass...
      📊 Universal Wire Decoder Benchmark:
         - TCP Packet Stream -> SoA Allocation -> MLIR SIMD Math: 4.4315 ms

--- 🚀 [Orchestrator] Intercepted execution of revenue_app.main.get_revenue [TABULAR] ---
[Hijacker] 🗄️ Bypassing standard driver. Initiating Universal Wire bypass...
      📊 Universal Wire Decoder Benchmark:
         - TCP Packet Stream -> SoA Allocation -> MLIR SIMD Math: 4.3757 ms

--- 🚀 [Orchestrator] Intercepted execution of revenue_app.main.get_revenue [TABULAR] ---
[Hijacker] 🗄️ Bypassing standard driver. Initiating Universal Wire bypass...
      📊 Universal Wire Decoder Benchmark:
         - TCP Packet Stream -> SoA Allocation -> MLIR SIMD Math: 5.8004 ms

--- 🚀 [Orchestrator] Intercepted execution of revenue_app.main.get_revenue [TABULAR] ---
[Hijacker] 🗄️ Bypassing standard driver. Initiating Universal Wire bypass...
      📊 Universal Wire Decoder Benchmark:
         - TCP Packet Stream -> SoA Allocation -> MLIR SIMD Math: 4.5106 ms

--- 🚀 [Orchestrator] Intercepted execution of revenue_app.main.get_revenue [TABULAR] ---
[Hijacker] 🗄️ Bypassing standard driver. Initiating Universal Wire bypass...
      📊 Universal Wire Decoder Benchmark:
         - TCP Packet Stream -> SoA Allocation -> MLIR SIMD Math: 4.4216 ms

--- 🚀 [Orchestrator] Intercepted execution of revenue_app.main.get_revenue [TABULAR] ---
[Hijacker] 🗄️ Bypassing standard driver. Initiating Universal Wire bypass...
      📊 Universal Wire Decoder Benchmark:
         - TCP Packet Stream -> SoA Allocation -> MLIR SIMD Math: 4.4878 ms

--- 🚀 [Orchestrator] Intercepted execution of revenue_app.main.get_revenue [TABULAR] ---
[Hijacker] 🗄️ Bypassing standard driver. Initiating Universal Wire bypass...
      📊 Universal Wire Decoder Benchmark:
         - TCP Packet Stream -> SoA Allocation -> MLIR SIMD Math: 4.4782 ms

--- 🚀 [Orchestrator] Intercepted execution of revenue_app.main.get_revenue [TABULAR] ---
[Hijacker] 🗄️ Bypassing standard driver. Initiating Universal Wire bypass...
      📊 Universal Wire Decoder Benchmark:
         - TCP Packet Stream -> SoA Allocation -> MLIR SIMD Math: 4.7333 ms

--- 🚀 [Orchestrator] Intercepted execution of revenue_app.main.get_revenue [TABULAR] ---
[Hijacker] 🗄️ Bypassing standard driver. Initiating Universal Wire bypass...
      📊 Universal Wire Decoder Benchmark:
         - TCP Packet Stream -> SoA Allocation -> MLIR SIMD Math: 4.5643 ms

--- 🚀 [Orchestrator] Intercepted execution of revenue_app.main.get_revenue [TABULAR] ---
[Hijacker] 🗄️ Bypassing standard driver. Initiating Universal Wire bypass...
      📊 Universal Wire Decoder Benchmark:
         - TCP Packet Stream -> SoA Allocation -> MLIR SIMD Math: 4.4993 ms

--- 🚀 [Orchestrator] Intercepted execution of revenue_app.main.get_revenue [TABULAR] ---
[Hijacker] 🗄️ Bypassing standard driver. Initiating Universal Wire bypass...
      📊 Universal Wire Decoder Benchmark:
         - TCP Packet Stream -> SoA Allocation -> MLIR SIMD Math: 10.1230 ms

--- 🚀 [Orchestrator] Intercepted execution of revenue_app.main.get_revenue [TABULAR] ---
[Hijacker] 🗄️ Bypassing standard driver. Initiating Universal Wire bypass...
      📊 Universal Wire Decoder Benchmark:
         - TCP Packet Stream -> SoA Allocation -> MLIR SIMD Math: 4.6532 ms

--- 🚀 [Orchestrator] Intercepted execution of revenue_app.main.get_revenue [TABULAR] ---
[Hijacker] 🗄️ Bypassing standard driver. Initiating Universal Wire bypass...
      📊 Universal Wire Decoder Benchmark:
         - TCP Packet Stream -> SoA Allocation -> MLIR SIMD Math: 4.5483 ms

--- 🚀 [Orchestrator] Intercepted execution of revenue_app.main.get_revenue [TABULAR] ---
[Hijacker] 🗄️ Bypassing standard driver. Initiating Universal Wire bypass...
      📊 Universal Wire Decoder Benchmark:
         - TCP Packet Stream -> SoA Allocation -> MLIR SIMD Math: 4.3278 ms

--- 🚀 [Orchestrator] Intercepted execution of revenue_app.main.get_revenue [TABULAR] ---
[Hijacker] 🗄️ Bypassing standard driver. Initiating Universal Wire bypass...
      📊 Universal Wire Decoder Benchmark:
         - TCP Packet Stream -> SoA Allocation -> MLIR SIMD Math: 4.6986 ms

--- 🚀 [Orchestrator] Intercepted execution of revenue_app.main.get_revenue [TABULAR] ---
[Hijacker] 🗄️ Bypassing standard driver. Initiating Universal Wire bypass...
      📊 Universal Wire Decoder Benchmark:
         - TCP Packet Stream -> SoA Allocation -> MLIR SIMD Math: 5.7031 ms

--- 🚀 [Orchestrator] Intercepted execution of revenue_app.main.get_revenue [TABULAR] ---
[Hijacker] 🗄️ Bypassing standard driver. Initiating Universal Wire bypass...
      📊 Universal Wire Decoder Benchmark:
         - TCP Packet Stream -> SoA Allocation -> MLIR SIMD Math: 4.5019 ms

--- 🚀 [Orchestrator] Intercepted execution of revenue_app.main.get_revenue [TABULAR] ---
[Hijacker] 🗄️ Bypassing standard driver. Initiating Universal Wire bypass...
      📊 Universal Wire Decoder Benchmark:
         - TCP Packet Stream -> SoA Allocation -> MLIR SIMD Math: 4.4667 ms

--- 🚀 [Orchestrator] Intercepted execution of revenue_app.main.get_revenue [TABULAR] ---
[Hijacker] 🗄️ Bypassing standard driver. Initiating Universal Wire bypass...
      📊 Universal Wire Decoder Benchmark:
         - TCP Packet Stream -> SoA Allocation -> MLIR SIMD Math: 4.6588 ms

--- 🚀 [Orchestrator] Intercepted execution of revenue_app.main.get_revenue [TABULAR] ---
[Hijacker] 🗄️ Bypassing standard driver. Initiating Universal Wire bypass...
      📊 Universal Wire Decoder Benchmark:
         - TCP Packet Stream -> SoA Allocation -> MLIR SIMD Math: 4.3910 ms

--- 🚀 [Orchestrator] Intercepted execution of revenue_app.main.get_revenue [TABULAR] ---
[Hijacker] 🗄️ Bypassing standard driver. Initiating Universal Wire bypass...
      📊 Universal Wire Decoder Benchmark:
         - TCP Packet Stream -> SoA Allocation -> MLIR SIMD Math: 4.4755 ms

--- 🚀 [Orchestrator] Intercepted execution of revenue_app.main.get_revenue [TABULAR] ---
[Hijacker] 🗄️ Bypassing standard driver. Initiating Universal Wire bypass...
      📊 Universal Wire Decoder Benchmark:
         - TCP Packet Stream -> SoA Allocation -> MLIR SIMD Math: 4.4195 ms

--- 🚀 [Orchestrator] Intercepted execution of revenue_app.main.get_revenue [TABULAR] ---
[Hijacker] 🗄️ Bypassing standard driver. Initiating Universal Wire bypass...
      📊 Universal Wire Decoder Benchmark:
         - TCP Packet Stream -> SoA Allocation -> MLIR SIMD Math: 4.5048 ms

--- 🚀 [Orchestrator] Intercepted execution of revenue_app.main.get_revenue [TABULAR] ---
[Hijacker] 🗄️ Bypassing standard driver. Initiating Universal Wire bypass...
      📊 Universal Wire Decoder Benchmark:
         - TCP Packet Stream -> SoA Allocation -> MLIR SIMD Math: 4.7267 ms

--- 🚀 [Orchestrator] Intercepted execution of revenue_app.main.get_revenue [TABULAR] ---
[Hijacker] 🗄️ Bypassing standard driver. Initiating Universal Wire bypass...
      📊 Universal Wire Decoder Benchmark:
         - TCP Packet Stream -> SoA Allocation -> MLIR SIMD Math: 4.4399 ms

--- 🚀 [Orchestrator] Intercepted execution of revenue_app.main.get_revenue [TABULAR] ---
[Hijacker] 🗄️ Bypassing standard driver. Initiating Universal Wire bypass...
      📊 Universal Wire Decoder Benchmark:
         - TCP Packet Stream -> SoA Allocation -> MLIR SIMD Math: 4.6409 ms

--- 🚀 [Orchestrator] Intercepted execution of revenue_app.main.get_revenue [TABULAR] ---
[Hijacker] 🗄️ Bypassing standard driver. Initiating Universal Wire bypass...
      📊 Universal Wire Decoder Benchmark:
         - TCP Packet Stream -> SoA Allocation -> MLIR SIMD Math: 4.7307 ms

--- 🚀 [Orchestrator] Intercepted execution of revenue_app.main.get_revenue [TABULAR] ---
[Hijacker] 🗄️ Bypassing standard driver. Initiating Universal Wire bypass...
      📊 Universal Wire Decoder Benchmark:
         - TCP Packet Stream -> SoA Allocation -> MLIR SIMD Math: 4.8557 ms

--- 🚀 [Orchestrator] Intercepted execution of revenue_app.main.get_revenue [TABULAR] ---
[Hijacker] 🗄️ Bypassing standard driver. Initiating Universal Wire bypass...
      📊 Universal Wire Decoder Benchmark:
         - TCP Packet Stream -> SoA Allocation -> MLIR SIMD Math: 5.5987 ms

--- 🚀 [Orchestrator] Intercepted execution of revenue_app.main.get_revenue [TABULAR] ---
[Hijacker] 🗄️ Bypassing standard driver. Initiating Universal Wire bypass...
      📊 Universal Wire Decoder Benchmark:
         - TCP Packet Stream -> SoA Allocation -> MLIR SIMD Math: 4.5511 ms

--- 🚀 [Orchestrator] Intercepted execution of revenue_app.main.get_revenue [TABULAR] ---
[Hijacker] 🗄️ Bypassing standard driver. Initiating Universal Wire bypass...
      📊 Universal Wire Decoder Benchmark:
         - TCP Packet Stream -> SoA Allocation -> MLIR SIMD Math: 4.5374 ms

--- 🚀 [Orchestrator] Intercepted execution of revenue_app.main.get_revenue [TABULAR] ---
[Hijacker] 🗄️ Bypassing standard driver. Initiating Universal Wire bypass...
      📊 Universal Wire Decoder Benchmark:
         - TCP Packet Stream -> SoA Allocation -> MLIR SIMD Math: 4.5591 ms

--- 🚀 [Orchestrator] Intercepted execution of revenue_app.main.get_revenue [TABULAR] ---
[Hijacker] 🗄️ Bypassing standard driver. Initiating Universal Wire bypass...
      📊 Universal Wire Decoder Benchmark:
         - TCP Packet Stream -> SoA Allocation -> MLIR SIMD Math: 4.7641 ms

--- 🚀 [Orchestrator] Intercepted execution of revenue_app.main.get_revenue [TABULAR] ---
[Hijacker] 🗄️ Bypassing standard driver. Initiating Universal Wire bypass...
      📊 Universal Wire Decoder Benchmark:
         - TCP Packet Stream -> SoA Allocation -> MLIR SIMD Math: 4.3997 ms

--- 🚀 [Orchestrator] Intercepted execution of revenue_app.main.get_revenue [TABULAR] ---
[Hijacker] 🗄️ Bypassing standard driver. Initiating Universal Wire bypass...
      📊 Universal Wire Decoder Benchmark:
         - TCP Packet Stream -> SoA Allocation -> MLIR SIMD Math: 4.4277 ms

--- 🚀 [Orchestrator] Intercepted execution of revenue_app.main.get_revenue [TABULAR] ---
[Hijacker] 🗄️ Bypassing standard driver. Initiating Universal Wire bypass...
      📊 Universal Wire Decoder Benchmark:
         - TCP Packet Stream -> SoA Allocation -> MLIR SIMD Math: 4.5893 ms

--- 🚀 [Orchestrator] Intercepted execution of revenue_app.main.get_revenue [TABULAR] ---
[Hijacker] 🗄️ Bypassing standard driver. Initiating Universal Wire bypass...
      📊 Universal Wire Decoder Benchmark:
         - TCP Packet Stream -> SoA Allocation -> MLIR SIMD Math: 4.7677 ms

--- 🚀 [Orchestrator] Intercepted execution of revenue_app.main.get_revenue [TABULAR] ---
[Hijacker] 🗄️ Bypassing standard driver. Initiating Universal Wire bypass...
      📊 Universal Wire Decoder Benchmark:
         - TCP Packet Stream -> SoA Allocation -> MLIR SIMD Math: 4.4181 ms

--- 🚀 [Orchestrator] Intercepted execution of revenue_app.main.get_revenue [TABULAR] ---
[Hijacker] 🗄️ Bypassing standard driver. Initiating Universal Wire bypass...
      📊 Universal Wire Decoder Benchmark:
         - TCP Packet Stream -> SoA Allocation -> MLIR SIMD Math: 4.3145 ms

--- 🚀 [Orchestrator] Intercepted execution of revenue_app.main.get_revenue [TABULAR] ---
[Hijacker] 🗄️ Bypassing standard driver. Initiating Universal Wire bypass...
      📊 Universal Wire Decoder Benchmark:
         - TCP Packet Stream -> SoA Allocation -> MLIR SIMD Math: 4.4126 ms

--- 🚀 [Orchestrator] Intercepted execution of revenue_app.main.get_revenue [TABULAR] ---
[Hijacker] 🗄️ Bypassing standard driver. Initiating Universal Wire bypass...
      📊 Universal Wire Decoder Benchmark:
         - TCP Packet Stream -> SoA Allocation -> MLIR SIMD Math: 4.4646 ms

--- 🚀 [Orchestrator] Intercepted execution of revenue_app.main.get_revenue [TABULAR] ---
[Hijacker] 🗄️ Bypassing standard driver. Initiating Universal Wire bypass...
      📊 Universal Wire Decoder Benchmark:
         - TCP Packet Stream -> SoA Allocation -> MLIR SIMD Math: 6.4493 ms

--- 🚀 [Orchestrator] Intercepted execution of revenue_app.main.get_revenue [TABULAR] ---
[Hijacker] 🗄️ Bypassing standard driver. Initiating Universal Wire bypass...
      📊 Universal Wire Decoder Benchmark:
         - TCP Packet Stream -> SoA Allocation -> MLIR SIMD Math: 4.4999 ms

--- 🚀 [Orchestrator] Intercepted execution of revenue_app.main.get_revenue [TABULAR] ---
[Hijacker] 🗄️ Bypassing standard driver. Initiating Universal Wire bypass...
      📊 Universal Wire Decoder Benchmark:
         - TCP Packet Stream -> SoA Allocation -> MLIR SIMD Math: 4.5479 ms

--- 🚀 [Orchestrator] Intercepted execution of revenue_app.main.get_revenue [TABULAR] ---
[Hijacker] 🗄️ Bypassing standard driver. Initiating Universal Wire bypass...
      📊 Universal Wire Decoder Benchmark:
         - TCP Packet Stream -> SoA Allocation -> MLIR SIMD Math: 4.6032 ms

--- 🚀 [Orchestrator] Intercepted execution of revenue_app.main.get_revenue [TABULAR] ---
[Hijacker] 🗄️ Bypassing standard driver. Initiating Universal Wire bypass...
      📊 Universal Wire Decoder Benchmark:
         - TCP Packet Stream -> SoA Allocation -> MLIR SIMD Math: 4.4851 ms

--- 🚀 [Orchestrator] Intercepted execution of revenue_app.main.get_revenue [TABULAR] ---
[Hijacker] 🗄️ Bypassing standard driver. Initiating Universal Wire bypass...
      📊 Universal Wire Decoder Benchmark:
         - TCP Packet Stream -> SoA Allocation -> MLIR SIMD Math: 4.6850 ms

--- 🚀 [Orchestrator] Intercepted execution of revenue_app.main.get_revenue [TABULAR] ---
[Hijacker] 🗄️ Bypassing standard driver. Initiating Universal Wire bypass...
      📊 Universal Wire Decoder Benchmark:
         - TCP Packet Stream -> SoA Allocation -> MLIR SIMD Math: 4.4619 ms

--- 🚀 [Orchestrator] Intercepted execution of revenue_app.main.get_revenue [TABULAR] ---
[Hijacker] 🗄️ Bypassing standard driver. Initiating Universal Wire bypass...
      📊 Universal Wire Decoder Benchmark:
         - TCP Packet Stream -> SoA Allocation -> MLIR SIMD Math: 4.4277 ms

--- 🚀 [Orchestrator] Intercepted execution of revenue_app.main.get_revenue [TABULAR] ---
[Hijacker] 🗄️ Bypassing standard driver. Initiating Universal Wire bypass...
      📊 Universal Wire Decoder Benchmark:
         - TCP Packet Stream -> SoA Allocation -> MLIR SIMD Math: 4.3774 ms

--- 🚀 [Orchestrator] Intercepted execution of revenue_app.main.get_revenue [TABULAR] ---
[Hijacker] 🗄️ Bypassing standard driver. Initiating Universal Wire bypass...
      📊 Universal Wire Decoder Benchmark:
         - TCP Packet Stream -> SoA Allocation -> MLIR SIMD Math: 4.3987 ms

--- 🚀 [Orchestrator] Intercepted execution of revenue_app.main.get_revenue [TABULAR] ---
[Hijacker] 🗄️ Bypassing standard driver. Initiating Universal Wire bypass...
      📊 Universal Wire Decoder Benchmark:
         - TCP Packet Stream -> SoA Allocation -> MLIR SIMD Math: 4.6725 ms

--- 🚀 [Orchestrator] Intercepted execution of revenue_app.main.get_revenue [TABULAR] ---
[Hijacker] 🗄️ Bypassing standard driver. Initiating Universal Wire bypass...
      📊 Universal Wire Decoder Benchmark:
         - TCP Packet Stream -> SoA Allocation -> MLIR SIMD Math: 4.4916 ms

--- 🚀 [Orchestrator] Intercepted execution of revenue_app.main.get_revenue [TABULAR] ---
[Hijacker] 🗄️ Bypassing standard driver. Initiating Universal Wire bypass...
      📊 Universal Wire Decoder Benchmark:
         - TCP Packet Stream -> SoA Allocation -> MLIR SIMD Math: 4.4505 ms

--- 🚀 [Orchestrator] Intercepted execution of revenue_app.main.get_revenue [TABULAR] ---
[Hijacker] 🗄️ Bypassing standard driver. Initiating Universal Wire bypass...
      📊 Universal Wire Decoder Benchmark:
         - TCP Packet Stream -> SoA Allocation -> MLIR SIMD Math: 6.5850 ms

--- 🚀 [Orchestrator] Intercepted execution of revenue_app.main.get_revenue [TABULAR] ---
[Hijacker] 🗄️ Bypassing standard driver. Initiating Universal Wire bypass...
      📊 Universal Wire Decoder Benchmark:
         - TCP Packet Stream -> SoA Allocation -> MLIR SIMD Math: 4.7505 ms

--- 🚀 [Orchestrator] Intercepted execution of revenue_app.main.get_revenue [TABULAR] ---
[Hijacker] 🗄️ Bypassing standard driver. Initiating Universal Wire bypass...
      📊 Universal Wire Decoder Benchmark:
         - TCP Packet Stream -> SoA Allocation -> MLIR SIMD Math: 4.4603 ms

--- 🚀 [Orchestrator] Intercepted execution of revenue_app.main.get_revenue [TABULAR] ---
[Hijacker] 🗄️ Bypassing standard driver. Initiating Universal Wire bypass...
      📊 Universal Wire Decoder Benchmark:
         - TCP Packet Stream -> SoA Allocation -> MLIR SIMD Math: 4.4938 ms

--- 🚀 [Orchestrator] Intercepted execution of revenue_app.main.get_revenue [TABULAR] ---
[Hijacker] 🗄️ Bypassing standard driver. Initiating Universal Wire bypass...
      📊 Universal Wire Decoder Benchmark:
         - TCP Packet Stream -> SoA Allocation -> MLIR SIMD Math: 4.3690 ms

--- 🚀 [Orchestrator] Intercepted execution of revenue_app.main.get_revenue [TABULAR] ---
[Hijacker] 🗄️ Bypassing standard driver. Initiating Universal Wire bypass...
      📊 Universal Wire Decoder Benchmark:
         - TCP Packet Stream -> SoA Allocation -> MLIR SIMD Math: 4.4254 ms

--- 🚀 [Orchestrator] Intercepted execution of revenue_app.main.get_revenue [TABULAR] ---
[Hijacker] 🗄️ Bypassing standard driver. Initiating Universal Wire bypass...
      📊 Universal Wire Decoder Benchmark:
         - TCP Packet Stream -> SoA Allocation -> MLIR SIMD Math: 4.7143 ms

--- 🚀 [Orchestrator] Intercepted execution of revenue_app.main.get_revenue [TABULAR] ---
[Hijacker] 🗄️ Bypassing standard driver. Initiating Universal Wire bypass...
      📊 Universal Wire Decoder Benchmark:
         - TCP Packet Stream -> SoA Allocation -> MLIR SIMD Math: 4.4799 ms

--- 🚀 [Orchestrator] Intercepted execution of revenue_app.main.get_revenue [TABULAR] ---
[Hijacker] 🗄️ Bypassing standard driver. Initiating Universal Wire bypass...
      📊 Universal Wire Decoder Benchmark:
         - TCP Packet Stream -> SoA Allocation -> MLIR SIMD Math: 4.4830 ms

--- 🚀 [Orchestrator] Intercepted execution of revenue_app.main.get_revenue [TABULAR] ---
[Hijacker] 🗄️ Bypassing standard driver. Initiating Universal Wire bypass...
      📊 Universal Wire Decoder Benchmark:
         - TCP Packet Stream -> SoA Allocation -> MLIR SIMD Math: 4.5369 ms

--- 🚀 [Orchestrator] Intercepted execution of revenue_app.main.get_revenue [TABULAR] ---
[Hijacker] 🗄️ Bypassing standard driver. Initiating Universal Wire bypass...
      📊 Universal Wire Decoder Benchmark:
         - TCP Packet Stream -> SoA Allocation -> MLIR SIMD Math: 4.6844 ms

--- 🚀 [Orchestrator] Intercepted execution of revenue_app.main.get_revenue [TABULAR] ---
[Hijacker] 🗄️ Bypassing standard driver. Initiating Universal Wire bypass...
      📊 Universal Wire Decoder Benchmark:
         - TCP Packet Stream -> SoA Allocation -> MLIR SIMD Math: 4.4695 ms

--- 🚀 [Orchestrator] Intercepted execution of revenue_app.main.get_revenue [TABULAR] ---
[Hijacker] 🗄️ Bypassing standard driver. Initiating Universal Wire bypass...
      📊 Universal Wire Decoder Benchmark:
         - TCP Packet Stream -> SoA Allocation -> MLIR SIMD Math: 4.4068 ms

--- 🚀 [Orchestrator] Intercepted execution of revenue_app.main.get_revenue [TABULAR] ---
[Hijacker] 🗄️ Bypassing standard driver. Initiating Universal Wire bypass...
      📊 Universal Wire Decoder Benchmark:
         - TCP Packet Stream -> SoA Allocation -> MLIR SIMD Math: 5.6436 ms

--- 🚀 [Orchestrator] Intercepted execution of revenue_app.main.get_revenue [TABULAR] ---
[Hijacker] 🗄️ Bypassing standard driver. Initiating Universal Wire bypass...
      📊 Universal Wire Decoder Benchmark:
         - TCP Packet Stream -> SoA Allocation -> MLIR SIMD Math: 4.7372 ms

--- 🚀 [Orchestrator] Intercepted execution of revenue_app.main.get_revenue [TABULAR] ---
[Hijacker] 🗄️ Bypassing standard driver. Initiating Universal Wire bypass...
      📊 Universal Wire Decoder Benchmark:
         - TCP Packet Stream -> SoA Allocation -> MLIR SIMD Math: 4.4488 ms

--- 🚀 [Orchestrator] Intercepted execution of revenue_app.main.get_revenue [TABULAR] ---
[Hijacker] 🗄️ Bypassing standard driver. Initiating Universal Wire bypass...
      📊 Universal Wire Decoder Benchmark:
         - TCP Packet Stream -> SoA Allocation -> MLIR SIMD Math: 4.4235 ms

--- 🚀 [Orchestrator] Intercepted execution of revenue_app.main.get_revenue [TABULAR] ---
[Hijacker] 🗄️ Bypassing standard driver. Initiating Universal Wire bypass...
      📊 Universal Wire Decoder Benchmark:
         - TCP Packet Stream -> SoA Allocation -> MLIR SIMD Math: 4.4978 ms

--- 🚀 [Orchestrator] Intercepted execution of revenue_app.main.get_revenue [TABULAR] ---
[Hijacker] 🗄️ Bypassing standard driver. Initiating Universal Wire bypass...
      📊 Universal Wire Decoder Benchmark:
         - TCP Packet Stream -> SoA Allocation -> MLIR SIMD Math: 4.4470 ms

--- 🚀 [Orchestrator] Intercepted execution of revenue_app.main.get_revenue [TABULAR] ---
[Hijacker] 🗄️ Bypassing standard driver. Initiating Universal Wire bypass...
      📊 Universal Wire Decoder Benchmark:
         - TCP Packet Stream -> SoA Allocation -> MLIR SIMD Math: 4.6237 ms

--- 🚀 [Orchestrator] Intercepted execution of revenue_app.main.get_revenue [TABULAR] ---
[Hijacker] 🗄️ Bypassing standard driver. Initiating Universal Wire bypass...
      📊 Universal Wire Decoder Benchmark:
         - TCP Packet Stream -> SoA Allocation -> MLIR SIMD Math: 4.3870 ms

--- 🚀 [Orchestrator] Intercepted execution of revenue_app.main.get_revenue [TABULAR] ---
[Hijacker] 🗄️ Bypassing standard driver. Initiating Universal Wire bypass...
      📊 Universal Wire Decoder Benchmark:
         - TCP Packet Stream -> SoA Allocation -> MLIR SIMD Math: 4.4573 ms

--- 🚀 [Orchestrator] Intercepted execution of revenue_app.main.get_revenue [TABULAR] ---
[Hijacker] 🗄️ Bypassing standard driver. Initiating Universal Wire bypass...
      📊 Universal Wire Decoder Benchmark:
         - TCP Packet Stream -> SoA Allocation -> MLIR SIMD Math: 4.5068 ms

--- 🚀 [Orchestrator] Intercepted execution of revenue_app.main.get_revenue [TABULAR] ---
[Hijacker] 🗄️ Bypassing standard driver. Initiating Universal Wire bypass...
      📊 Universal Wire Decoder Benchmark:
         - TCP Packet Stream -> SoA Allocation -> MLIR SIMD Math: 4.3467 ms

--- 🚀 [Orchestrator] Intercepted execution of revenue_app.main.get_revenue [TABULAR] ---
[Hijacker] 🗄️ Bypassing standard driver. Initiating Universal Wire bypass...
      📊 Universal Wire Decoder Benchmark:
         - TCP Packet Stream -> SoA Allocation -> MLIR SIMD Math: 4.6479 ms

--- 🚀 [Orchestrator] Intercepted execution of revenue_app.main.get_revenue [TABULAR] ---
[Hijacker] 🗄️ Bypassing standard driver. Initiating Universal Wire bypass...
      📊 Universal Wire Decoder Benchmark:
         - TCP Packet Stream -> SoA Allocation -> MLIR SIMD Math: 4.5535 ms

--- 🚀 [Orchestrator] Intercepted execution of revenue_app.main.get_revenue [TABULAR] ---
[Hijacker] 🗄️ Bypassing standard driver. Initiating Universal Wire bypass...
      📊 Universal Wire Decoder Benchmark:
         - TCP Packet Stream -> SoA Allocation -> MLIR SIMD Math: 5.9938 ms

--- 🚀 [Orchestrator] Intercepted execution of revenue_app.main.get_revenue [TABULAR] ---
[Hijacker] 🗄️ Bypassing standard driver. Initiating Universal Wire bypass...
      📊 Universal Wire Decoder Benchmark:
         - TCP Packet Stream -> SoA Allocation -> MLIR SIMD Math: 4.8266 ms

--- 🚀 [Orchestrator] Intercepted execution of revenue_app.main.get_revenue [TABULAR] ---
[Hijacker] 🗄️ Bypassing standard driver. Initiating Universal Wire bypass...
      📊 Universal Wire Decoder Benchmark:
         - TCP Packet Stream -> SoA Allocation -> MLIR SIMD Math: 4.3854 ms

--- 🚀 [Orchestrator] Intercepted execution of revenue_app.main.get_revenue [TABULAR] ---
[Hijacker] 🗄️ Bypassing standard driver. Initiating Universal Wire bypass...
      📊 Universal Wire Decoder Benchmark:
         - TCP Packet Stream -> SoA Allocation -> MLIR SIMD Math: 4.5263 ms

--- 🚀 [Orchestrator] Intercepted execution of revenue_app.main.get_revenue [TABULAR] ---
[Hijacker] 🗄️ Bypassing standard driver. Initiating Universal Wire bypass...
      📊 Universal Wire Decoder Benchmark:
         - TCP Packet Stream -> SoA Allocation -> MLIR SIMD Math: 4.4260 ms

--- 🚀 [Orchestrator] Intercepted execution of revenue_app.main.get_revenue [TABULAR] ---
[Hijacker] 🗄️ Bypassing standard driver. Initiating Universal Wire bypass...
      📊 Universal Wire Decoder Benchmark:
         - TCP Packet Stream -> SoA Allocation -> MLIR SIMD Math: 4.4707 ms

--- 🚀 [Orchestrator] Intercepted execution of revenue_app.main.get_revenue [TABULAR] ---
[Hijacker] 🗄️ Bypassing standard driver. Initiating Universal Wire bypass...
      📊 Universal Wire Decoder Benchmark:
         - TCP Packet Stream -> SoA Allocation -> MLIR SIMD Math: 4.6780 ms

--- 🚀 [Orchestrator] Intercepted execution of revenue_app.main.get_revenue [TABULAR] ---
[Hijacker] 🗄️ Bypassing standard driver. Initiating Universal Wire bypass...
      📊 Universal Wire Decoder Benchmark:
         - TCP Packet Stream -> SoA Allocation -> MLIR SIMD Math: 4.4838 ms

--- 🚀 [Orchestrator] Intercepted execution of revenue_app.main.get_revenue [TABULAR] ---
[Hijacker] 🗄️ Bypassing standard driver. Initiating Universal Wire bypass...
      📊 Universal Wire Decoder Benchmark:
         - TCP Packet Stream -> SoA Allocation -> MLIR SIMD Math: 4.4615 ms

--- 🚀 [Orchestrator] Intercepted execution of revenue_app.main.get_revenue [TABULAR] ---
[Hijacker] 🗄️ Bypassing standard driver. Initiating Universal Wire bypass...
      📊 Universal Wire Decoder Benchmark:
         - TCP Packet Stream -> SoA Allocation -> MLIR SIMD Math: 4.4556 ms

--- 🚀 [Orchestrator] Intercepted execution of revenue_app.main.get_revenue [TABULAR] ---
[Hijacker] 🗄️ Bypassing standard driver. Initiating Universal Wire bypass...
      📊 Universal Wire Decoder Benchmark:
         - TCP Packet Stream -> SoA Allocation -> MLIR SIMD Math: 4.4448 ms

--- 🚀 [Orchestrator] Intercepted execution of revenue_app.main.get_revenue [TABULAR] ---
[Hijacker] 🗄️ Bypassing standard driver. Initiating Universal Wire bypass...
      📊 Universal Wire Decoder Benchmark:
         - TCP Packet Stream -> SoA Allocation -> MLIR SIMD Math: 4.6029 ms

--- 🚀 [Orchestrator] Intercepted execution of revenue_app.main.get_revenue [TABULAR] ---
[Hijacker] 🗄️ Bypassing standard driver. Initiating Universal Wire bypass...
      📊 Universal Wire Decoder Benchmark:
         - TCP Packet Stream -> SoA Allocation -> MLIR SIMD Math: 4.5066 ms

--- 🚀 [Orchestrator] Intercepted execution of revenue_app.main.get_revenue [TABULAR] ---
[Hijacker] 🗄️ Bypassing standard driver. Initiating Universal Wire bypass...
      📊 Universal Wire Decoder Benchmark:
         - TCP Packet Stream -> SoA Allocation -> MLIR SIMD Math: 5.7492 ms

--- 🚀 [Orchestrator] Intercepted execution of revenue_app.main.get_revenue [TABULAR] ---
[Hijacker] 🗄️ Bypassing standard driver. Initiating Universal Wire bypass...
      📊 Universal Wire Decoder Benchmark:
         - TCP Packet Stream -> SoA Allocation -> MLIR SIMD Math: 4.5015 ms

--- 🚀 [Orchestrator] Intercepted execution of revenue_app.main.get_revenue [TABULAR] ---
[Hijacker] 🗄️ Bypassing standard driver. Initiating Universal Wire bypass...
      📊 Universal Wire Decoder Benchmark:
         - TCP Packet Stream -> SoA Allocation -> MLIR SIMD Math: 4.6651 ms

--- 🚀 [Orchestrator] Intercepted execution of revenue_app.main.get_revenue [TABULAR] ---
[Hijacker] 🗄️ Bypassing standard driver. Initiating Universal Wire bypass...
      📊 Universal Wire Decoder Benchmark:
         - TCP Packet Stream -> SoA Allocation -> MLIR SIMD Math: 4.7092 ms

--- 🚀 [Orchestrator] Intercepted execution of revenue_app.main.get_revenue [TABULAR] ---
[Hijacker] 🗄️ Bypassing standard driver. Initiating Universal Wire bypass...
      📊 Universal Wire Decoder Benchmark:
         - TCP Packet Stream -> SoA Allocation -> MLIR SIMD Math: 4.7107 ms

--- 🚀 [Orchestrator] Intercepted execution of revenue_app.main.get_revenue [TABULAR] ---
[Hijacker] 🗄️ Bypassing standard driver. Initiating Universal Wire bypass...
      📊 Universal Wire Decoder Benchmark:
         - TCP Packet Stream -> SoA Allocation -> MLIR SIMD Math: 4.5113 ms

--- 🚀 [Orchestrator] Intercepted execution of revenue_app.main.get_revenue [TABULAR] ---
[Hijacker] 🗄️ Bypassing standard driver. Initiating Universal Wire bypass...
      📊 Universal Wire Decoder Benchmark:
         - TCP Packet Stream -> SoA Allocation -> MLIR SIMD Math: 4.4502 ms

--- 🚀 [Orchestrator] Intercepted execution of revenue_app.main.get_revenue [TABULAR] ---
[Hijacker] 🗄️ Bypassing standard driver. Initiating Universal Wire bypass...
      📊 Universal Wire Decoder Benchmark:
         - TCP Packet Stream -> SoA Allocation -> MLIR SIMD Math: 4.6420 ms

--- 🚀 [Orchestrator] Intercepted execution of revenue_app.main.get_revenue [TABULAR] ---
[Hijacker] 🗄️ Bypassing standard driver. Initiating Universal Wire bypass...
      📊 Universal Wire Decoder Benchmark:
         - TCP Packet Stream -> SoA Allocation -> MLIR SIMD Math: 4.3880 ms

--- 🚀 [Orchestrator] Intercepted execution of revenue_app.main.get_revenue [TABULAR] ---
[Hijacker] 🗄️ Bypassing standard driver. Initiating Universal Wire bypass...
      📊 Universal Wire Decoder Benchmark:
         - TCP Packet Stream -> SoA Allocation -> MLIR SIMD Math: 4.4383 ms

--- 🚀 [Orchestrator] Intercepted execution of revenue_app.main.get_revenue [TABULAR] ---
[Hijacker] 🗄️ Bypassing standard driver. Initiating Universal Wire bypass...
      📊 Universal Wire Decoder Benchmark:
         - TCP Packet Stream -> SoA Allocation -> MLIR SIMD Math: 4.5152 ms

--- 🚀 [Orchestrator] Intercepted execution of revenue_app.main.get_revenue [TABULAR] ---
[Hijacker] 🗄️ Bypassing standard driver. Initiating Universal Wire bypass...
      📊 Universal Wire Decoder Benchmark:
         - TCP Packet Stream -> SoA Allocation -> MLIR SIMD Math: 4.4565 ms

--- 🚀 [Orchestrator] Intercepted execution of revenue_app.main.get_revenue [TABULAR] ---
[Hijacker] 🗄️ Bypassing standard driver. Initiating Universal Wire bypass...
      📊 Universal Wire Decoder Benchmark:
         - TCP Packet Stream -> SoA Allocation -> MLIR SIMD Math: 4.5887 ms

--- 🚀 [Orchestrator] Intercepted execution of revenue_app.main.get_revenue [TABULAR] ---
[Hijacker] 🗄️ Bypassing standard driver. Initiating Universal Wire bypass...
      📊 Universal Wire Decoder Benchmark:
         - TCP Packet Stream -> SoA Allocation -> MLIR SIMD Math: 6.3119 ms

--- 🚀 [Orchestrator] Intercepted execution of revenue_app.main.get_revenue [TABULAR] ---
[Hijacker] 🗄️ Bypassing standard driver. Initiating Universal Wire bypass...
      📊 Universal Wire Decoder Benchmark:
         - TCP Packet Stream -> SoA Allocation -> MLIR SIMD Math: 4.5101 ms

--- 🚀 [Orchestrator] Intercepted execution of revenue_app.main.get_revenue [TABULAR] ---
[Hijacker] 🗄️ Bypassing standard driver. Initiating Universal Wire bypass...
      📊 Universal Wire Decoder Benchmark:
         - TCP Packet Stream -> SoA Allocation -> MLIR SIMD Math: 4.7057 ms

--- 🚀 [Orchestrator] Intercepted execution of revenue_app.main.get_revenue [TABULAR] ---
[Hijacker] 🗄️ Bypassing standard driver. Initiating Universal Wire bypass...
      📊 Universal Wire Decoder Benchmark:
         - TCP Packet Stream -> SoA Allocation -> MLIR SIMD Math: 4.3678 ms

--- 🚀 [Orchestrator] Intercepted execution of revenue_app.main.get_revenue [TABULAR] ---
[Hijacker] 🗄️ Bypassing standard driver. Initiating Universal Wire bypass...
      📊 Universal Wire Decoder Benchmark:
         - TCP Packet Stream -> SoA Allocation -> MLIR SIMD Math: 4.3839 ms

--- 🚀 [Orchestrator] Intercepted execution of revenue_app.main.get_revenue [TABULAR] ---
[Hijacker] 🗄️ Bypassing standard driver. Initiating Universal Wire bypass...
      📊 Universal Wire Decoder Benchmark:
         - TCP Packet Stream -> SoA Allocation -> MLIR SIMD Math: 4.6326 ms

--- 🚀 [Orchestrator] Intercepted execution of revenue_app.main.get_revenue [TABULAR] ---
[Hijacker] 🗄️ Bypassing standard driver. Initiating Universal Wire bypass...
      📊 Universal Wire Decoder Benchmark:
         - TCP Packet Stream -> SoA Allocation -> MLIR SIMD Math: 4.4528 ms

--- 🚀 [Orchestrator] Intercepted execution of revenue_app.main.get_revenue [TABULAR] ---
[Hijacker] 🗄️ Bypassing standard driver. Initiating Universal Wire bypass...
      📊 Universal Wire Decoder Benchmark:
         - TCP Packet Stream -> SoA Allocation -> MLIR SIMD Math: 4.4377 ms

--- 🚀 [Orchestrator] Intercepted execution of revenue_app.main.get_revenue [TABULAR] ---
[Hijacker] 🗄️ Bypassing standard driver. Initiating Universal Wire bypass...
      📊 Universal Wire Decoder Benchmark:
         - TCP Packet Stream -> SoA Allocation -> MLIR SIMD Math: 4.4975 ms

--- 🚀 [Orchestrator] Intercepted execution of revenue_app.main.get_revenue [TABULAR] ---
[Hijacker] 🗄️ Bypassing standard driver. Initiating Universal Wire bypass...
      📊 Universal Wire Decoder Benchmark:
         - TCP Packet Stream -> SoA Allocation -> MLIR SIMD Math: 4.6526 ms

--- 🚀 [Orchestrator] Intercepted execution of revenue_app.main.get_revenue [TABULAR] ---
[Hijacker] 🗄️ Bypassing standard driver. Initiating Universal Wire bypass...
      📊 Universal Wire Decoder Benchmark:
         - TCP Packet Stream -> SoA Allocation -> MLIR SIMD Math: 4.4194 ms

--- 🚀 [Orchestrator] Intercepted execution of revenue_app.main.get_revenue [TABULAR] ---
[Hijacker] 🗄️ Bypassing standard driver. Initiating Universal Wire bypass...
      📊 Universal Wire Decoder Benchmark:
         - TCP Packet Stream -> SoA Allocation -> MLIR SIMD Math: 4.4180 ms

--- 🚀 [Orchestrator] Intercepted execution of revenue_app.main.get_revenue [TABULAR] ---
[Hijacker] 🗄️ Bypassing standard driver. Initiating Universal Wire bypass...
      📊 Universal Wire Decoder Benchmark:
         - TCP Packet Stream -> SoA Allocation -> MLIR SIMD Math: 4.7267 ms

--- 🚀 [Orchestrator] Intercepted execution of revenue_app.main.get_revenue [TABULAR] ---
[Hijacker] 🗄️ Bypassing standard driver. Initiating Universal Wire bypass...
      📊 Universal Wire Decoder Benchmark:
         - TCP Packet Stream -> SoA Allocation -> MLIR SIMD Math: 5.9998 ms

--- 🚀 [Orchestrator] Intercepted execution of revenue_app.main.get_revenue [TABULAR] ---
[Hijacker] 🗄️ Bypassing standard driver. Initiating Universal Wire bypass...
      📊 Universal Wire Decoder Benchmark:
         - TCP Packet Stream -> SoA Allocation -> MLIR SIMD Math: 4.5238 ms

--- 🚀 [Orchestrator] Intercepted execution of revenue_app.main.get_revenue [TABULAR] ---
[Hijacker] 🗄️ Bypassing standard driver. Initiating Universal Wire bypass...
      📊 Universal Wire Decoder Benchmark:
         - TCP Packet Stream -> SoA Allocation -> MLIR SIMD Math: 4.4970 ms

--- 🚀 [Orchestrator] Intercepted execution of revenue_app.main.get_revenue [TABULAR] ---
[Hijacker] 🗄️ Bypassing standard driver. Initiating Universal Wire bypass...
      📊 Universal Wire Decoder Benchmark:
         - TCP Packet Stream -> SoA Allocation -> MLIR SIMD Math: 4.6981 ms

--- 🚀 [Orchestrator] Intercepted execution of revenue_app.main.get_revenue [TABULAR] ---
[Hijacker] 🗄️ Bypassing standard driver. Initiating Universal Wire bypass...
      📊 Universal Wire Decoder Benchmark:
         - TCP Packet Stream -> SoA Allocation -> MLIR SIMD Math: 4.3842 ms

--- 🚀 [Orchestrator] Intercepted execution of revenue_app.main.get_revenue [TABULAR] ---
[Hijacker] 🗄️ Bypassing standard driver. Initiating Universal Wire bypass...
      📊 Universal Wire Decoder Benchmark:
         - TCP Packet Stream -> SoA Allocation -> MLIR SIMD Math: 4.6034 ms

--- 🚀 [Orchestrator] Intercepted execution of revenue_app.main.get_revenue [TABULAR] ---
[Hijacker] 🗄️ Bypassing standard driver. Initiating Universal Wire bypass...
      📊 Universal Wire Decoder Benchmark:
         - TCP Packet Stream -> SoA Allocation -> MLIR SIMD Math: 4.3869 ms

--- 🚀 [Orchestrator] Intercepted execution of revenue_app.main.get_revenue [TABULAR] ---
[Hijacker] 🗄️ Bypassing standard driver. Initiating Universal Wire bypass...
      📊 Universal Wire Decoder Benchmark:
         - TCP Packet Stream -> SoA Allocation -> MLIR SIMD Math: 4.4873 ms

--- 🚀 [Orchestrator] Intercepted execution of revenue_app.main.get_revenue [TABULAR] ---
[Hijacker] 🗄️ Bypassing standard driver. Initiating Universal Wire bypass...
      📊 Universal Wire Decoder Benchmark:
         - TCP Packet Stream -> SoA Allocation -> MLIR SIMD Math: 4.6935 ms

--- 🚀 [Orchestrator] Intercepted execution of revenue_app.main.get_revenue [TABULAR] ---
[Hijacker] 🗄️ Bypassing standard driver. Initiating Universal Wire bypass...
      📊 Universal Wire Decoder Benchmark:
         - TCP Packet Stream -> SoA Allocation -> MLIR SIMD Math: 4.4282 ms

--- 🚀 [Orchestrator] Intercepted execution of revenue_app.main.get_revenue [TABULAR] ---
[Hijacker] 🗄️ Bypassing standard driver. Initiating Universal Wire bypass...
      📊 Universal Wire Decoder Benchmark:
         - TCP Packet Stream -> SoA Allocation -> MLIR SIMD Math: 4.4709 ms

--- 🚀 [Orchestrator] Intercepted execution of revenue_app.main.get_revenue [TABULAR] ---
[Hijacker] 🗄️ Bypassing standard driver. Initiating Universal Wire bypass...
      📊 Universal Wire Decoder Benchmark:
         - TCP Packet Stream -> SoA Allocation -> MLIR SIMD Math: 4.4647 ms

--- 🚀 [Orchestrator] Intercepted execution of revenue_app.main.get_revenue [TABULAR] ---
[Hijacker] 🗄️ Bypassing standard driver. Initiating Universal Wire bypass...
      📊 Universal Wire Decoder Benchmark:
         - TCP Packet Stream -> SoA Allocation -> MLIR SIMD Math: 4.5308 ms

--- 🚀 [Orchestrator] Intercepted execution of revenue_app.main.get_revenue [TABULAR] ---
[Hijacker] 🗄️ Bypassing standard driver. Initiating Universal Wire bypass...
      📊 Universal Wire Decoder Benchmark:
         - TCP Packet Stream -> SoA Allocation -> MLIR SIMD Math: 4.4707 ms

--- 🚀 [Orchestrator] Intercepted execution of revenue_app.main.get_revenue [TABULAR] ---
[Hijacker] 🗄️ Bypassing standard driver. Initiating Universal Wire bypass...
      📊 Universal Wire Decoder Benchmark:
         - TCP Packet Stream -> SoA Allocation -> MLIR SIMD Math: 4.4513 ms

--- 🚀 [Orchestrator] Intercepted execution of revenue_app.main.get_revenue [TABULAR] ---
[Hijacker] 🗄️ Bypassing standard driver. Initiating Universal Wire bypass...
      📊 Universal Wire Decoder Benchmark:
         - TCP Packet Stream -> SoA Allocation -> MLIR SIMD Math: 5.5133 ms

--- 🚀 [Orchestrator] Intercepted execution of revenue_app.main.get_revenue [TABULAR] ---
[Hijacker] 🗄️ Bypassing standard driver. Initiating Universal Wire bypass...
      📊 Universal Wire Decoder Benchmark:
         - TCP Packet Stream -> SoA Allocation -> MLIR SIMD Math: 4.7143 ms

--- 🚀 [Orchestrator] Intercepted execution of revenue_app.main.get_revenue [TABULAR] ---
[Hijacker] 🗄️ Bypassing standard driver. Initiating Universal Wire bypass...
      📊 Universal Wire Decoder Benchmark:
         - TCP Packet Stream -> SoA Allocation -> MLIR SIMD Math: 4.4772 ms

--- 🚀 [Orchestrator] Intercepted execution of revenue_app.main.get_revenue [TABULAR] ---
[Hijacker] 🗄️ Bypassing standard driver. Initiating Universal Wire bypass...
      📊 Universal Wire Decoder Benchmark:
         - TCP Packet Stream -> SoA Allocation -> MLIR SIMD Math: 4.4440 ms

--- 🚀 [Orchestrator] Intercepted execution of revenue_app.main.get_revenue [TABULAR] ---
[Hijacker] 🗄️ Bypassing standard driver. Initiating Universal Wire bypass...
      📊 Universal Wire Decoder Benchmark:
         - TCP Packet Stream -> SoA Allocation -> MLIR SIMD Math: 4.6239 ms

--- 🚀 [Orchestrator] Intercepted execution of revenue_app.main.get_revenue [TABULAR] ---
[Hijacker] 🗄️ Bypassing standard driver. Initiating Universal Wire bypass...
      📊 Universal Wire Decoder Benchmark:
         - TCP Packet Stream -> SoA Allocation -> MLIR SIMD Math: 4.5939 ms

--- 🚀 [Orchestrator] Intercepted execution of revenue_app.main.get_revenue [TABULAR] ---
[Hijacker] 🗄️ Bypassing standard driver. Initiating Universal Wire bypass...
      📊 Universal Wire Decoder Benchmark:
         - TCP Packet Stream -> SoA Allocation -> MLIR SIMD Math: 4.4725 ms

--- 🚀 [Orchestrator] Intercepted execution of revenue_app.main.get_revenue [TABULAR] ---
[Hijacker] 🗄️ Bypassing standard driver. Initiating Universal Wire bypass...
      📊 Universal Wire Decoder Benchmark:
         - TCP Packet Stream -> SoA Allocation -> MLIR SIMD Math: 4.7019 ms

--- 🚀 [Orchestrator] Intercepted execution of revenue_app.main.get_revenue [TABULAR] ---
[Hijacker] 🗄️ Bypassing standard driver. Initiating Universal Wire bypass...
      📊 Universal Wire Decoder Benchmark:
         - TCP Packet Stream -> SoA Allocation -> MLIR SIMD Math: 4.4595 ms

--- 🚀 [Orchestrator] Intercepted execution of revenue_app.main.get_revenue [TABULAR] ---
[Hijacker] 🗄️ Bypassing standard driver. Initiating Universal Wire bypass...
      📊 Universal Wire Decoder Benchmark:
         - TCP Packet Stream -> SoA Allocation -> MLIR SIMD Math: 4.5265 ms

--- 🚀 [Orchestrator] Intercepted execution of revenue_app.main.get_revenue [TABULAR] ---
[Hijacker] 🗄️ Bypassing standard driver. Initiating Universal Wire bypass...
      📊 Universal Wire Decoder Benchmark:
         - TCP Packet Stream -> SoA Allocation -> MLIR SIMD Math: 4.3753 ms

--- 🚀 [Orchestrator] Intercepted execution of revenue_app.main.get_revenue [TABULAR] ---
[Hijacker] 🗄️ Bypassing standard driver. Initiating Universal Wire bypass...
      📊 Universal Wire Decoder Benchmark:
         - TCP Packet Stream -> SoA Allocation -> MLIR SIMD Math: 4.7994 ms

--- 🚀 [Orchestrator] Intercepted execution of revenue_app.main.get_revenue [TABULAR] ---
[Hijacker] 🗄️ Bypassing standard driver. Initiating Universal Wire bypass...
      📊 Universal Wire Decoder Benchmark:
         - TCP Packet Stream -> SoA Allocation -> MLIR SIMD Math: 5.1026 ms

--- 🚀 [Orchestrator] Intercepted execution of revenue_app.main.get_revenue [TABULAR] ---
[Hijacker] 🗄️ Bypassing standard driver. Initiating Universal Wire bypass...
      📊 Universal Wire Decoder Benchmark:
         - TCP Packet Stream -> SoA Allocation -> MLIR SIMD Math: 6.2379 ms

--- 🚀 [Orchestrator] Intercepted execution of revenue_app.main.get_revenue [TABULAR] ---
[Hijacker] 🗄️ Bypassing standard driver. Initiating Universal Wire bypass...
      📊 Universal Wire Decoder Benchmark:
         - TCP Packet Stream -> SoA Allocation -> MLIR SIMD Math: 7.8338 ms

--- 🚀 [Orchestrator] Intercepted execution of revenue_app.main.get_revenue [TABULAR] ---
[Hijacker] 🗄️ Bypassing standard driver. Initiating Universal Wire bypass...
      📊 Universal Wire Decoder Benchmark:
         - TCP Packet Stream -> SoA Allocation -> MLIR SIMD Math: 4.7741 ms

--- 🚀 [Orchestrator] Intercepted execution of revenue_app.main.get_revenue [TABULAR] ---
[Hijacker] 🗄️ Bypassing standard driver. Initiating Universal Wire bypass...
      📊 Universal Wire Decoder Benchmark:
         - TCP Packet Stream -> SoA Allocation -> MLIR SIMD Math: 4.8785 ms

--- 🚀 [Orchestrator] Intercepted execution of revenue_app.main.get_revenue [TABULAR] ---
[Hijacker] 🗄️ Bypassing standard driver. Initiating Universal Wire bypass...
      📊 Universal Wire Decoder Benchmark:
         - TCP Packet Stream -> SoA Allocation -> MLIR SIMD Math: 5.2430 ms

--- 🚀 [Orchestrator] Intercepted execution of revenue_app.main.get_revenue [TABULAR] ---
[Hijacker] 🗄️ Bypassing standard driver. Initiating Universal Wire bypass...
      📊 Universal Wire Decoder Benchmark:
         - TCP Packet Stream -> SoA Allocation -> MLIR SIMD Math: 4.9417 ms

--- 🚀 [Orchestrator] Intercepted execution of revenue_app.main.get_revenue [TABULAR] ---
[Hijacker] 🗄️ Bypassing standard driver. Initiating Universal Wire bypass...
      📊 Universal Wire Decoder Benchmark:
         - TCP Packet Stream -> SoA Allocation -> MLIR SIMD Math: 5.0858 ms

--- 🚀 [Orchestrator] Intercepted execution of revenue_app.main.get_revenue [TABULAR] ---
[Hijacker] 🗄️ Bypassing standard driver. Initiating Universal Wire bypass...
      📊 Universal Wire Decoder Benchmark:
         - TCP Packet Stream -> SoA Allocation -> MLIR SIMD Math: 4.7617 ms

--- 🚀 [Orchestrator] Intercepted execution of revenue_app.main.get_revenue [TABULAR] ---
[Hijacker] 🗄️ Bypassing standard driver. Initiating Universal Wire bypass...
      📊 Universal Wire Decoder Benchmark:
         - TCP Packet Stream -> SoA Allocation -> MLIR SIMD Math: 4.5118 ms

--- 🚀 [Orchestrator] Intercepted execution of revenue_app.main.get_revenue [TABULAR] ---
[Hijacker] 🗄️ Bypassing standard driver. Initiating Universal Wire bypass...
      📊 Universal Wire Decoder Benchmark:
         - TCP Packet Stream -> SoA Allocation -> MLIR SIMD Math: 4.6773 ms

--- 🚀 [Orchestrator] Intercepted execution of revenue_app.main.get_revenue [TABULAR] ---
[Hijacker] 🗄️ Bypassing standard driver. Initiating Universal Wire bypass...
      📊 Universal Wire Decoder Benchmark:
         - TCP Packet Stream -> SoA Allocation -> MLIR SIMD Math: 4.5807 ms

--- 🚀 [Orchestrator] Intercepted execution of revenue_app.main.get_revenue [TABULAR] ---
[Hijacker] 🗄️ Bypassing standard driver. Initiating Universal Wire bypass...
      📊 Universal Wire Decoder Benchmark:
         - TCP Packet Stream -> SoA Allocation -> MLIR SIMD Math: 5.1024 ms

--- 🚀 [Orchestrator] Intercepted execution of revenue_app.main.get_revenue [TABULAR] ---
[Hijacker] 🗄️ Bypassing standard driver. Initiating Universal Wire bypass...
      📊 Universal Wire Decoder Benchmark:
         - TCP Packet Stream -> SoA Allocation -> MLIR SIMD Math: 6.4229 ms

--- 🚀 [Orchestrator] Intercepted execution of revenue_app.main.get_revenue [TABULAR] ---
[Hijacker] 🗄️ Bypassing standard driver. Initiating Universal Wire bypass...
      📊 Universal Wire Decoder Benchmark:
         - TCP Packet Stream -> SoA Allocation -> MLIR SIMD Math: 6.9748 ms

--- 🚀 [Orchestrator] Intercepted execution of revenue_app.main.get_revenue [TABULAR] ---
[Hijacker] 🗄️ Bypassing standard driver. Initiating Universal Wire bypass...
      📊 Universal Wire Decoder Benchmark:
         - TCP Packet Stream -> SoA Allocation -> MLIR SIMD Math: 5.5980 ms

--- 🚀 [Orchestrator] Intercepted execution of revenue_app.main.get_revenue [TABULAR] ---
[Hijacker] 🗄️ Bypassing standard driver. Initiating Universal Wire bypass...
      📊 Universal Wire Decoder Benchmark:
         - TCP Packet Stream -> SoA Allocation -> MLIR SIMD Math: 5.1457 ms

--- 🚀 [Orchestrator] Intercepted execution of revenue_app.main.get_revenue [TABULAR] ---
[Hijacker] 🗄️ Bypassing standard driver. Initiating Universal Wire bypass...
      📊 Universal Wire Decoder Benchmark:
         - TCP Packet Stream -> SoA Allocation -> MLIR SIMD Math: 4.6571 ms

--- 🚀 [Orchestrator] Intercepted execution of revenue_app.main.get_revenue [TABULAR] ---
[Hijacker] 🗄️ Bypassing standard driver. Initiating Universal Wire bypass...
      📊 Universal Wire Decoder Benchmark:
         - TCP Packet Stream -> SoA Allocation -> MLIR SIMD Math: 4.5696 ms

--- 🚀 [Orchestrator] Intercepted execution of revenue_app.main.get_revenue [TABULAR] ---
[Hijacker] 🗄️ Bypassing standard driver. Initiating Universal Wire bypass...
      📊 Universal Wire Decoder Benchmark:
         - TCP Packet Stream -> SoA Allocation -> MLIR SIMD Math: 4.7572 ms

--- 🚀 [Orchestrator] Intercepted execution of revenue_app.main.get_revenue [TABULAR] ---
[Hijacker] 🗄️ Bypassing standard driver. Initiating Universal Wire bypass...
      📊 Universal Wire Decoder Benchmark:
         - TCP Packet Stream -> SoA Allocation -> MLIR SIMD Math: 4.5453 ms

--- 🚀 [Orchestrator] Intercepted execution of revenue_app.main.get_revenue [TABULAR] ---
[Hijacker] 🗄️ Bypassing standard driver. Initiating Universal Wire bypass...
      📊 Universal Wire Decoder Benchmark:
         - TCP Packet Stream -> SoA Allocation -> MLIR SIMD Math: 4.5323 ms

--- 🚀 [Orchestrator] Intercepted execution of revenue_app.main.get_revenue [TABULAR] ---
[Hijacker] 🗄️ Bypassing standard driver. Initiating Universal Wire bypass...
      📊 Universal Wire Decoder Benchmark:
         - TCP Packet Stream -> SoA Allocation -> MLIR SIMD Math: 5.2128 ms

--- 🚀 [Orchestrator] Intercepted execution of revenue_app.main.get_revenue [TABULAR] ---
[Hijacker] 🗄️ Bypassing standard driver. Initiating Universal Wire bypass...
      📊 Universal Wire Decoder Benchmark:
         - TCP Packet Stream -> SoA Allocation -> MLIR SIMD Math: 4.6343 ms

--- 🚀 [Orchestrator] Intercepted execution of revenue_app.main.get_revenue [TABULAR] ---
[Hijacker] 🗄️ Bypassing standard driver. Initiating Universal Wire bypass...
      📊 Universal Wire Decoder Benchmark:
         - TCP Packet Stream -> SoA Allocation -> MLIR SIMD Math: 4.4873 ms

--- 🚀 [Orchestrator] Intercepted execution of revenue_app.main.get_revenue [TABULAR] ---
[Hijacker] 🗄️ Bypassing standard driver. Initiating Universal Wire bypass...
      📊 Universal Wire Decoder Benchmark:
         - TCP Packet Stream -> SoA Allocation -> MLIR SIMD Math: 7.0919 ms

--- 🚀 [Orchestrator] Intercepted execution of revenue_app.main.get_revenue [TABULAR] ---
[Hijacker] 🗄️ Bypassing standard driver. Initiating Universal Wire bypass...
      📊 Universal Wire Decoder Benchmark:
         - TCP Packet Stream -> SoA Allocation -> MLIR SIMD Math: 4.4872 ms

--- 🚀 [Orchestrator] Intercepted execution of revenue_app.main.get_revenue [TABULAR] ---
[Hijacker] 🗄️ Bypassing standard driver. Initiating Universal Wire bypass...
      📊 Universal Wire Decoder Benchmark:
         - TCP Packet Stream -> SoA Allocation -> MLIR SIMD Math: 4.3974 ms

--- 🚀 [Orchestrator] Intercepted execution of revenue_app.main.get_revenue [TABULAR] ---
[Hijacker] 🗄️ Bypassing standard driver. Initiating Universal Wire bypass...
      📊 Universal Wire Decoder Benchmark:
         - TCP Packet Stream -> SoA Allocation -> MLIR SIMD Math: 4.7629 ms

--- 🚀 [Orchestrator] Intercepted execution of revenue_app.main.get_revenue [TABULAR] ---
[Hijacker] 🗄️ Bypassing standard driver. Initiating Universal Wire bypass...
      📊 Universal Wire Decoder Benchmark:
         - TCP Packet Stream -> SoA Allocation -> MLIR SIMD Math: 4.5160 ms

--- 🚀 [Orchestrator] Intercepted execution of revenue_app.main.get_revenue [TABULAR] ---
[Hijacker] 🗄️ Bypassing standard driver. Initiating Universal Wire bypass...
      📊 Universal Wire Decoder Benchmark:
         - TCP Packet Stream -> SoA Allocation -> MLIR SIMD Math: 4.6822 ms

--- 🚀 [Orchestrator] Intercepted execution of revenue_app.main.get_revenue [TABULAR] ---
[Hijacker] 🗄️ Bypassing standard driver. Initiating Universal Wire bypass...
      📊 Universal Wire Decoder Benchmark:
         - TCP Packet Stream -> SoA Allocation -> MLIR SIMD Math: 4.7005 ms

--- 🚀 [Orchestrator] Intercepted execution of revenue_app.main.get_revenue [TABULAR] ---
[Hijacker] 🗄️ Bypassing standard driver. Initiating Universal Wire bypass...
      📊 Universal Wire Decoder Benchmark:
         - TCP Packet Stream -> SoA Allocation -> MLIR SIMD Math: 4.4267 ms

--- 🚀 [Orchestrator] Intercepted execution of revenue_app.main.get_revenue [TABULAR] ---
[Hijacker] 🗄️ Bypassing standard driver. Initiating Universal Wire bypass...
      📊 Universal Wire Decoder Benchmark:
         - TCP Packet Stream -> SoA Allocation -> MLIR SIMD Math: 4.4417 ms

--- 🚀 [Orchestrator] Intercepted execution of revenue_app.main.get_revenue [TABULAR] ---
[Hijacker] 🗄️ Bypassing standard driver. Initiating Universal Wire bypass...
      📊 Universal Wire Decoder Benchmark:
         - TCP Packet Stream -> SoA Allocation -> MLIR SIMD Math: 4.5553 ms

--- 🚀 [Orchestrator] Intercepted execution of revenue_app.main.get_revenue [TABULAR] ---
[Hijacker] 🗄️ Bypassing standard driver. Initiating Universal Wire bypass...
      📊 Universal Wire Decoder Benchmark:
         - TCP Packet Stream -> SoA Allocation -> MLIR SIMD Math: 4.8426 ms

--- 🚀 [Orchestrator] Intercepted execution of revenue_app.main.get_revenue [TABULAR] ---
[Hijacker] 🗄️ Bypassing standard driver. Initiating Universal Wire bypass...
      📊 Universal Wire Decoder Benchmark:
         - TCP Packet Stream -> SoA Allocation -> MLIR SIMD Math: 4.4458 ms

--- 🚀 [Orchestrator] Intercepted execution of revenue_app.main.get_revenue [TABULAR] ---
[Hijacker] 🗄️ Bypassing standard driver. Initiating Universal Wire bypass...
      📊 Universal Wire Decoder Benchmark:
         - TCP Packet Stream -> SoA Allocation -> MLIR SIMD Math: 5.7967 ms

--- 🚀 [Orchestrator] Intercepted execution of revenue_app.main.get_revenue [TABULAR] ---
[Hijacker] 🗄️ Bypassing standard driver. Initiating Universal Wire bypass...
      📊 Universal Wire Decoder Benchmark:
         - TCP Packet Stream -> SoA Allocation -> MLIR SIMD Math: 4.7067 ms

--- 🚀 [Orchestrator] Intercepted execution of revenue_app.main.get_revenue [TABULAR] ---
[Hijacker] 🗄️ Bypassing standard driver. Initiating Universal Wire bypass...
      📊 Universal Wire Decoder Benchmark:
         - TCP Packet Stream -> SoA Allocation -> MLIR SIMD Math: 4.6556 ms

--- 🚀 [Orchestrator] Intercepted execution of revenue_app.main.get_revenue [TABULAR] ---
[Hijacker] 🗄️ Bypassing standard driver. Initiating Universal Wire bypass...
      📊 Universal Wire Decoder Benchmark:
         - TCP Packet Stream -> SoA Allocation -> MLIR SIMD Math: 4.6632 ms

--- 🚀 [Orchestrator] Intercepted execution of revenue_app.main.get_revenue [TABULAR] ---
[Hijacker] 🗄️ Bypassing standard driver. Initiating Universal Wire bypass...
      📊 Universal Wire Decoder Benchmark:
         - TCP Packet Stream -> SoA Allocation -> MLIR SIMD Math: 4.5750 ms

--- 🚀 [Orchestrator] Intercepted execution of revenue_app.main.get_revenue [TABULAR] ---
[Hijacker] 🗄️ Bypassing standard driver. Initiating Universal Wire bypass...
      📊 Universal Wire Decoder Benchmark:
         - TCP Packet Stream -> SoA Allocation -> MLIR SIMD Math: 4.4020 ms

--- 🚀 [Orchestrator] Intercepted execution of revenue_app.main.get_revenue [TABULAR] ---
[Hijacker] 🗄️ Bypassing standard driver. Initiating Universal Wire bypass...
      📊 Universal Wire Decoder Benchmark:
         - TCP Packet Stream -> SoA Allocation -> MLIR SIMD Math: 4.4308 ms

--- 🚀 [Orchestrator] Intercepted execution of revenue_app.main.get_revenue [TABULAR] ---
[Hijacker] 🗄️ Bypassing standard driver. Initiating Universal Wire bypass...
      📊 Universal Wire Decoder Benchmark:
         - TCP Packet Stream -> SoA Allocation -> MLIR SIMD Math: 4.5248 ms

--- 🚀 [Orchestrator] Intercepted execution of revenue_app.main.get_revenue [TABULAR] ---
[Hijacker] 🗄️ Bypassing standard driver. Initiating Universal Wire bypass...
      📊 Universal Wire Decoder Benchmark:
         - TCP Packet Stream -> SoA Allocation -> MLIR SIMD Math: 4.4798 ms

--- 🚀 [Orchestrator] Intercepted execution of revenue_app.main.get_revenue [TABULAR] ---
[Hijacker] 🗄️ Bypassing standard driver. Initiating Universal Wire bypass...
      📊 Universal Wire Decoder Benchmark:
         - TCP Packet Stream -> SoA Allocation -> MLIR SIMD Math: 4.4359 ms

--- 🚀 [Orchestrator] Intercepted execution of revenue_app.main.get_revenue [TABULAR] ---
[Hijacker] 🗄️ Bypassing standard driver. Initiating Universal Wire bypass...
      📊 Universal Wire Decoder Benchmark:
         - TCP Packet Stream -> SoA Allocation -> MLIR SIMD Math: 4.4842 ms

--- 🚀 [Orchestrator] Intercepted execution of revenue_app.main.get_revenue [TABULAR] ---
[Hijacker] 🗄️ Bypassing standard driver. Initiating Universal Wire bypass...
      📊 Universal Wire Decoder Benchmark:
         - TCP Packet Stream -> SoA Allocation -> MLIR SIMD Math: 4.8696 ms

--- 🚀 [Orchestrator] Intercepted execution of revenue_app.main.get_revenue [TABULAR] ---
[Hijacker] 🗄️ Bypassing standard driver. Initiating Universal Wire bypass...
      📊 Universal Wire Decoder Benchmark:
         - TCP Packet Stream -> SoA Allocation -> MLIR SIMD Math: 6.0365 ms

--- 🚀 [Orchestrator] Intercepted execution of revenue_app.main.get_revenue [TABULAR] ---
[Hijacker] 🗄️ Bypassing standard driver. Initiating Universal Wire bypass...
      📊 Universal Wire Decoder Benchmark:
         - TCP Packet Stream -> SoA Allocation -> MLIR SIMD Math: 4.5008 ms

--- 🚀 [Orchestrator] Intercepted execution of revenue_app.main.get_revenue [TABULAR] ---
[Hijacker] 🗄️ Bypassing standard driver. Initiating Universal Wire bypass...
      📊 Universal Wire Decoder Benchmark:
         - TCP Packet Stream -> SoA Allocation -> MLIR SIMD Math: 4.5487 ms

--- 🚀 [Orchestrator] Intercepted execution of revenue_app.main.get_revenue [TABULAR] ---
[Hijacker] 🗄️ Bypassing standard driver. Initiating Universal Wire bypass...
      📊 Universal Wire Decoder Benchmark:
         - TCP Packet Stream -> SoA Allocation -> MLIR SIMD Math: 4.6169 ms

--- 🚀 [Orchestrator] Intercepted execution of revenue_app.main.get_revenue [TABULAR] ---
[Hijacker] 🗄️ Bypassing standard driver. Initiating Universal Wire bypass...
      📊 Universal Wire Decoder Benchmark:
         - TCP Packet Stream -> SoA Allocation -> MLIR SIMD Math: 4.5933 ms

--- 🚀 [Orchestrator] Intercepted execution of revenue_app.main.get_revenue [TABULAR] ---
[Hijacker] 🗄️ Bypassing standard driver. Initiating Universal Wire bypass...
      📊 Universal Wire Decoder Benchmark:
         - TCP Packet Stream -> SoA Allocation -> MLIR SIMD Math: 4.4651 ms

--- 🚀 [Orchestrator] Intercepted execution of revenue_app.main.get_revenue [TABULAR] ---
[Hijacker] 🗄️ Bypassing standard driver. Initiating Universal Wire bypass...
      📊 Universal Wire Decoder Benchmark:
         - TCP Packet Stream -> SoA Allocation -> MLIR SIMD Math: 4.4157 ms

--- 🚀 [Orchestrator] Intercepted execution of revenue_app.main.get_revenue [TABULAR] ---
[Hijacker] 🗄️ Bypassing standard driver. Initiating Universal Wire bypass...
      📊 Universal Wire Decoder Benchmark:
         - TCP Packet Stream -> SoA Allocation -> MLIR SIMD Math: 9.3394 ms

--- 🚀 [Orchestrator] Intercepted execution of revenue_app.main.get_revenue [TABULAR] ---
[Hijacker] 🗄️ Bypassing standard driver. Initiating Universal Wire bypass...
      📊 Universal Wire Decoder Benchmark:
         - TCP Packet Stream -> SoA Allocation -> MLIR SIMD Math: 4.9085 ms

--- 🚀 [Orchestrator] Intercepted execution of revenue_app.main.get_revenue [TABULAR] ---
[Hijacker] 🗄️ Bypassing standard driver. Initiating Universal Wire bypass...
      📊 Universal Wire Decoder Benchmark:
         - TCP Packet Stream -> SoA Allocation -> MLIR SIMD Math: 4.4743 ms

--- 🚀 [Orchestrator] Intercepted execution of revenue_app.main.get_revenue [TABULAR] ---
[Hijacker] 🗄️ Bypassing standard driver. Initiating Universal Wire bypass...
      📊 Universal Wire Decoder Benchmark:
         - TCP Packet Stream -> SoA Allocation -> MLIR SIMD Math: 4.4310 ms

--- 🚀 [Orchestrator] Intercepted execution of revenue_app.main.get_revenue [TABULAR] ---
[Hijacker] 🗄️ Bypassing standard driver. Initiating Universal Wire bypass...
      📊 Universal Wire Decoder Benchmark:
         - TCP Packet Stream -> SoA Allocation -> MLIR SIMD Math: 4.4013 ms

--- 🚀 [Orchestrator] Intercepted execution of revenue_app.main.get_revenue [TABULAR] ---
[Hijacker] 🗄️ Bypassing standard driver. Initiating Universal Wire bypass...
      📊 Universal Wire Decoder Benchmark:
         - TCP Packet Stream -> SoA Allocation -> MLIR SIMD Math: 4.4471 ms

--- 🚀 [Orchestrator] Intercepted execution of revenue_app.main.get_revenue [TABULAR] ---
[Hijacker] 🗄️ Bypassing standard driver. Initiating Universal Wire bypass...
      📊 Universal Wire Decoder Benchmark:
         - TCP Packet Stream -> SoA Allocation -> MLIR SIMD Math: 4.5769 ms

--- 🚀 [Orchestrator] Intercepted execution of revenue_app.main.get_revenue [TABULAR] ---
[Hijacker] 🗄️ Bypassing standard driver. Initiating Universal Wire bypass...
      📊 Universal Wire Decoder Benchmark:
         - TCP Packet Stream -> SoA Allocation -> MLIR SIMD Math: 6.0353 ms

--- 🚀 [Orchestrator] Intercepted execution of revenue_app.main.get_revenue [TABULAR] ---
[Hijacker] 🗄️ Bypassing standard driver. Initiating Universal Wire bypass...
      📊 Universal Wire Decoder Benchmark:
         - TCP Packet Stream -> SoA Allocation -> MLIR SIMD Math: 4.6770 ms

--- 🚀 [Orchestrator] Intercepted execution of revenue_app.main.get_revenue [TABULAR] ---
[Hijacker] 🗄️ Bypassing standard driver. Initiating Universal Wire bypass...
      📊 Universal Wire Decoder Benchmark:
         - TCP Packet Stream -> SoA Allocation -> MLIR SIMD Math: 4.7750 ms

--- 🚀 [Orchestrator] Intercepted execution of revenue_app.main.get_revenue [TABULAR] ---
[Hijacker] 🗄️ Bypassing standard driver. Initiating Universal Wire bypass...
      📊 Universal Wire Decoder Benchmark:
         - TCP Packet Stream -> SoA Allocation -> MLIR SIMD Math: 4.4922 ms

--- 🚀 [Orchestrator] Intercepted execution of revenue_app.main.get_revenue [TABULAR] ---
[Hijacker] 🗄️ Bypassing standard driver. Initiating Universal Wire bypass...
      📊 Universal Wire Decoder Benchmark:
         - TCP Packet Stream -> SoA Allocation -> MLIR SIMD Math: 4.3821 ms

--- 🚀 [Orchestrator] Intercepted execution of revenue_app.main.get_revenue [TABULAR] ---
[Hijacker] 🗄️ Bypassing standard driver. Initiating Universal Wire bypass...
      📊 Universal Wire Decoder Benchmark:
         - TCP Packet Stream -> SoA Allocation -> MLIR SIMD Math: 4.8291 ms

--- 🚀 [Orchestrator] Intercepted execution of revenue_app.main.get_revenue [TABULAR] ---
[Hijacker] 🗄️ Bypassing standard driver. Initiating Universal Wire bypass...
      📊 Universal Wire Decoder Benchmark:
         - TCP Packet Stream -> SoA Allocation -> MLIR SIMD Math: 4.5997 ms

--- 🚀 [Orchestrator] Intercepted execution of revenue_app.main.get_revenue [TABULAR] ---
[Hijacker] 🗄️ Bypassing standard driver. Initiating Universal Wire bypass...
      📊 Universal Wire Decoder Benchmark:
         - TCP Packet Stream -> SoA Allocation -> MLIR SIMD Math: 4.3945 ms

--- 🚀 [Orchestrator] Intercepted execution of revenue_app.main.get_revenue [TABULAR] ---
[Hijacker] 🗄️ Bypassing standard driver. Initiating Universal Wire bypass...
      📊 Universal Wire Decoder Benchmark:
         - TCP Packet Stream -> SoA Allocation -> MLIR SIMD Math: 4.6407 ms

--- 🚀 [Orchestrator] Intercepted execution of revenue_app.main.get_revenue [TABULAR] ---
[Hijacker] 🗄️ Bypassing standard driver. Initiating Universal Wire bypass...
      📊 Universal Wire Decoder Benchmark:
         - TCP Packet Stream -> SoA Allocation -> MLIR SIMD Math: 4.5336 ms

--- 🚀 [Orchestrator] Intercepted execution of revenue_app.main.get_revenue [TABULAR] ---
[Hijacker] 🗄️ Bypassing standard driver. Initiating Universal Wire bypass...
      📊 Universal Wire Decoder Benchmark:
         - TCP Packet Stream -> SoA Allocation -> MLIR SIMD Math: 4.6236 ms

--- 🚀 [Orchestrator] Intercepted execution of revenue_app.main.get_revenue [TABULAR] ---
[Hijacker] 🗄️ Bypassing standard driver. Initiating Universal Wire bypass...
      📊 Universal Wire Decoder Benchmark:
         - TCP Packet Stream -> SoA Allocation -> MLIR SIMD Math: 4.4393 ms

--- 🚀 [Orchestrator] Intercepted execution of revenue_app.main.get_revenue [TABULAR] ---
[Hijacker] 🗄️ Bypassing standard driver. Initiating Universal Wire bypass...
      📊 Universal Wire Decoder Benchmark:
         - TCP Packet Stream -> SoA Allocation -> MLIR SIMD Math: 4.6903 ms

--- 🚀 [Orchestrator] Intercepted execution of revenue_app.main.get_revenue [TABULAR] ---
[Hijacker] 🗄️ Bypassing standard driver. Initiating Universal Wire bypass...
      📊 Universal Wire Decoder Benchmark:
         - TCP Packet Stream -> SoA Allocation -> MLIR SIMD Math: 4.4638 ms

--- 🚀 [Orchestrator] Intercepted execution of revenue_app.main.get_revenue [TABULAR] ---
[Hijacker] 🗄️ Bypassing standard driver. Initiating Universal Wire bypass...
      📊 Universal Wire Decoder Benchmark:
         - TCP Packet Stream -> SoA Allocation -> MLIR SIMD Math: 6.0188 ms

--- 🚀 [Orchestrator] Intercepted execution of revenue_app.main.get_revenue [TABULAR] ---
[Hijacker] 🗄️ Bypassing standard driver. Initiating Universal Wire bypass...
      📊 Universal Wire Decoder Benchmark:
         - TCP Packet Stream -> SoA Allocation -> MLIR SIMD Math: 4.4676 ms

--- 🚀 [Orchestrator] Intercepted execution of revenue_app.main.get_revenue [TABULAR] ---
[Hijacker] 🗄️ Bypassing standard driver. Initiating Universal Wire bypass...
      📊 Universal Wire Decoder Benchmark:
         - TCP Packet Stream -> SoA Allocation -> MLIR SIMD Math: 4.7015 ms

--- 🚀 [Orchestrator] Intercepted execution of revenue_app.main.get_revenue [TABULAR] ---
[Hijacker] 🗄️ Bypassing standard driver. Initiating Universal Wire bypass...
      📊 Universal Wire Decoder Benchmark:
         - TCP Packet Stream -> SoA Allocation -> MLIR SIMD Math: 4.5824 ms

--- 🚀 [Orchestrator] Intercepted execution of revenue_app.main.get_revenue [TABULAR] ---
[Hijacker] 🗄️ Bypassing standard driver. Initiating Universal Wire bypass...
      📊 Universal Wire Decoder Benchmark:
         - TCP Packet Stream -> SoA Allocation -> MLIR SIMD Math: 4.7528 ms

--- 🚀 [Orchestrator] Intercepted execution of revenue_app.main.get_revenue [TABULAR] ---
[Hijacker] 🗄️ Bypassing standard driver. Initiating Universal Wire bypass...
      📊 Universal Wire Decoder Benchmark:
         - TCP Packet Stream -> SoA Allocation -> MLIR SIMD Math: 4.7937 ms

--- 🚀 [Orchestrator] Intercepted execution of revenue_app.main.get_revenue [TABULAR] ---
[Hijacker] 🗄️ Bypassing standard driver. Initiating Universal Wire bypass...
      📊 Universal Wire Decoder Benchmark:
         - TCP Packet Stream -> SoA Allocation -> MLIR SIMD Math: 4.4585 ms

--- 🚀 [Orchestrator] Intercepted execution of revenue_app.main.get_revenue [TABULAR] ---
[Hijacker] 🗄️ Bypassing standard driver. Initiating Universal Wire bypass...
      📊 Universal Wire Decoder Benchmark:
         - TCP Packet Stream -> SoA Allocation -> MLIR SIMD Math: 4.4708 ms

--- 🚀 [Orchestrator] Intercepted execution of revenue_app.main.get_revenue [TABULAR] ---
[Hijacker] 🗄️ Bypassing standard driver. Initiating Universal Wire bypass...
      📊 Universal Wire Decoder Benchmark:
         - TCP Packet Stream -> SoA Allocation -> MLIR SIMD Math: 4.6720 ms

--- 🚀 [Orchestrator] Intercepted execution of revenue_app.main.get_revenue [TABULAR] ---
[Hijacker] 🗄️ Bypassing standard driver. Initiating Universal Wire bypass...
      📊 Universal Wire Decoder Benchmark:
         - TCP Packet Stream -> SoA Allocation -> MLIR SIMD Math: 4.7588 ms

--- 🚀 [Orchestrator] Intercepted execution of revenue_app.main.get_revenue [TABULAR] ---
[Hijacker] 🗄️ Bypassing standard driver. Initiating Universal Wire bypass...
      📊 Universal Wire Decoder Benchmark:
         - TCP Packet Stream -> SoA Allocation -> MLIR SIMD Math: 4.4852 ms

--- 🚀 [Orchestrator] Intercepted execution of revenue_app.main.get_revenue [TABULAR] ---
[Hijacker] 🗄️ Bypassing standard driver. Initiating Universal Wire bypass...
      📊 Universal Wire Decoder Benchmark:
         - TCP Packet Stream -> SoA Allocation -> MLIR SIMD Math: 4.5024 ms

--- 🚀 [Orchestrator] Intercepted execution of revenue_app.main.get_revenue [TABULAR] ---
[Hijacker] 🗄️ Bypassing standard driver. Initiating Universal Wire bypass...
      📊 Universal Wire Decoder Benchmark:
         - TCP Packet Stream -> SoA Allocation -> MLIR SIMD Math: 4.4000 ms

--- 🚀 [Orchestrator] Intercepted execution of revenue_app.main.get_revenue [TABULAR] ---
[Hijacker] 🗄️ Bypassing standard driver. Initiating Universal Wire bypass...
      📊 Universal Wire Decoder Benchmark:
         - TCP Packet Stream -> SoA Allocation -> MLIR SIMD Math: 4.6661 ms

--- 🚀 [Orchestrator] Intercepted execution of revenue_app.main.get_revenue [TABULAR] ---
[Hijacker] 🗄️ Bypassing standard driver. Initiating Universal Wire bypass...
      📊 Universal Wire Decoder Benchmark:
         - TCP Packet Stream -> SoA Allocation -> MLIR SIMD Math: 4.7321 ms

--- 🚀 [Orchestrator] Intercepted execution of revenue_app.main.get_revenue [TABULAR] ---
[Hijacker] 🗄️ Bypassing standard driver. Initiating Universal Wire bypass...
      📊 Universal Wire Decoder Benchmark:
         - TCP Packet Stream -> SoA Allocation -> MLIR SIMD Math: 4.5388 ms

--- 🚀 [Orchestrator] Intercepted execution of revenue_app.main.get_revenue [TABULAR] ---
[Hijacker] 🗄️ Bypassing standard driver. Initiating Universal Wire bypass...
      📊 Universal Wire Decoder Benchmark:
         - TCP Packet Stream -> SoA Allocation -> MLIR SIMD Math: 4.7043 ms

--- 🚀 [Orchestrator] Intercepted execution of revenue_app.main.get_revenue [TABULAR] ---
[Hijacker] 🗄️ Bypassing standard driver. Initiating Universal Wire bypass...
      📊 Universal Wire Decoder Benchmark:
         - TCP Packet Stream -> SoA Allocation -> MLIR SIMD Math: 4.5038 ms

--- 🚀 [Orchestrator] Intercepted execution of revenue_app.main.get_revenue [TABULAR] ---
[Hijacker] 🗄️ Bypassing standard driver. Initiating Universal Wire bypass...
      📊 Universal Wire Decoder Benchmark:
         - TCP Packet Stream -> SoA Allocation -> MLIR SIMD Math: 4.5042 ms

--- 🚀 [Orchestrator] Intercepted execution of revenue_app.main.get_revenue [TABULAR] ---
[Hijacker] 🗄️ Bypassing standard driver. Initiating Universal Wire bypass...
      📊 Universal Wire Decoder Benchmark:
         - TCP Packet Stream -> SoA Allocation -> MLIR SIMD Math: 4.4792 ms

--- 🚀 [Orchestrator] Intercepted execution of revenue_app.main.get_revenue [TABULAR] ---
[Hijacker] 🗄️ Bypassing standard driver. Initiating Universal Wire bypass...
      📊 Universal Wire Decoder Benchmark:
         - TCP Packet Stream -> SoA Allocation -> MLIR SIMD Math: 4.7797 ms

--- 🚀 [Orchestrator] Intercepted execution of revenue_app.main.get_revenue [TABULAR] ---
[Hijacker] 🗄️ Bypassing standard driver. Initiating Universal Wire bypass...
      📊 Universal Wire Decoder Benchmark:
         - TCP Packet Stream -> SoA Allocation -> MLIR SIMD Math: 4.4460 ms

--- 🚀 [Orchestrator] Intercepted execution of revenue_app.main.get_revenue [TABULAR] ---
[Hijacker] 🗄️ Bypassing standard driver. Initiating Universal Wire bypass...
      📊 Universal Wire Decoder Benchmark:
         - TCP Packet Stream -> SoA Allocation -> MLIR SIMD Math: 4.4210 ms

--- 🚀 [Orchestrator] Intercepted execution of revenue_app.main.get_revenue [TABULAR] ---
[Hijacker] 🗄️ Bypassing standard driver. Initiating Universal Wire bypass...
      📊 Universal Wire Decoder Benchmark:
         - TCP Packet Stream -> SoA Allocation -> MLIR SIMD Math: 4.6434 ms

--- 🚀 [Orchestrator] Intercepted execution of revenue_app.main.get_revenue [TABULAR] ---
[Hijacker] 🗄️ Bypassing standard driver. Initiating Universal Wire bypass...
      📊 Universal Wire Decoder Benchmark:
         - TCP Packet Stream -> SoA Allocation -> MLIR SIMD Math: 4.4547 ms

--- 🚀 [Orchestrator] Intercepted execution of revenue_app.main.get_revenue [TABULAR] ---
[Hijacker] 🗄️ Bypassing standard driver. Initiating Universal Wire bypass...
      📊 Universal Wire Decoder Benchmark:
         - TCP Packet Stream -> SoA Allocation -> MLIR SIMD Math: 4.4170 ms

--- 🚀 [Orchestrator] Intercepted execution of revenue_app.main.get_revenue [TABULAR] ---
[Hijacker] 🗄️ Bypassing standard driver. Initiating Universal Wire bypass...
      📊 Universal Wire Decoder Benchmark:
         - TCP Packet Stream -> SoA Allocation -> MLIR SIMD Math: 4.8158 ms

--- 🚀 [Orchestrator] Intercepted execution of revenue_app.main.get_revenue [TABULAR] ---
[Hijacker] 🗄️ Bypassing standard driver. Initiating Universal Wire bypass...
      📊 Universal Wire Decoder Benchmark:
         - TCP Packet Stream -> SoA Allocation -> MLIR SIMD Math: 4.5026 ms

--- 🚀 [Orchestrator] Intercepted execution of revenue_app.main.get_revenue [TABULAR] ---
[Hijacker] 🗄️ Bypassing standard driver. Initiating Universal Wire bypass...
      📊 Universal Wire Decoder Benchmark:
         - TCP Packet Stream -> SoA Allocation -> MLIR SIMD Math: 5.9062 ms

--- 🚀 [Orchestrator] Intercepted execution of revenue_app.main.get_revenue [TABULAR] ---
[Hijacker] 🗄️ Bypassing standard driver. Initiating Universal Wire bypass...
      📊 Universal Wire Decoder Benchmark:
         - TCP Packet Stream -> SoA Allocation -> MLIR SIMD Math: 4.7672 ms

--- 🚀 [Orchestrator] Intercepted execution of revenue_app.main.get_revenue [TABULAR] ---
[Hijacker] 🗄️ Bypassing standard driver. Initiating Universal Wire bypass...
      📊 Universal Wire Decoder Benchmark:
         - TCP Packet Stream -> SoA Allocation -> MLIR SIMD Math: 4.4122 ms

--- 🚀 [Orchestrator] Intercepted execution of revenue_app.main.get_revenue [TABULAR] ---
[Hijacker] 🗄️ Bypassing standard driver. Initiating Universal Wire bypass...
      📊 Universal Wire Decoder Benchmark:
         - TCP Packet Stream -> SoA Allocation -> MLIR SIMD Math: 4.4972 ms

--- 🚀 [Orchestrator] Intercepted execution of revenue_app.main.get_revenue [TABULAR] ---
[Hijacker] 🗄️ Bypassing standard driver. Initiating Universal Wire bypass...
      📊 Universal Wire Decoder Benchmark:
         - TCP Packet Stream -> SoA Allocation -> MLIR SIMD Math: 4.4069 ms

--- 🚀 [Orchestrator] Intercepted execution of revenue_app.main.get_revenue [TABULAR] ---
[Hijacker] 🗄️ Bypassing standard driver. Initiating Universal Wire bypass...
      📊 Universal Wire Decoder Benchmark:
         - TCP Packet Stream -> SoA Allocation -> MLIR SIMD Math: 4.4516 ms

--- 🚀 [Orchestrator] Intercepted execution of revenue_app.main.get_revenue [TABULAR] ---
[Hijacker] 🗄️ Bypassing standard driver. Initiating Universal Wire bypass...
      📊 Universal Wire Decoder Benchmark:
         - TCP Packet Stream -> SoA Allocation -> MLIR SIMD Math: 4.5018 ms

--- 🚀 [Orchestrator] Intercepted execution of revenue_app.main.get_revenue [TABULAR] ---
[Hijacker] 🗄️ Bypassing standard driver. Initiating Universal Wire bypass...
      📊 Universal Wire Decoder Benchmark:
         - TCP Packet Stream -> SoA Allocation -> MLIR SIMD Math: 4.5429 ms

--- 🚀 [Orchestrator] Intercepted execution of revenue_app.main.get_revenue [TABULAR] ---
[Hijacker] 🗄️ Bypassing standard driver. Initiating Universal Wire bypass...
      📊 Universal Wire Decoder Benchmark:
         - TCP Packet Stream -> SoA Allocation -> MLIR SIMD Math: 4.7405 ms

--- 🚀 [Orchestrator] Intercepted execution of revenue_app.main.get_revenue [TABULAR] ---
[Hijacker] 🗄️ Bypassing standard driver. Initiating Universal Wire bypass...
      📊 Universal Wire Decoder Benchmark:
         - TCP Packet Stream -> SoA Allocation -> MLIR SIMD Math: 4.4032 ms

--- 🚀 [Orchestrator] Intercepted execution of revenue_app.main.get_revenue [TABULAR] ---
[Hijacker] 🗄️ Bypassing standard driver. Initiating Universal Wire bypass...
      📊 Universal Wire Decoder Benchmark:
         - TCP Packet Stream -> SoA Allocation -> MLIR SIMD Math: 4.4666 ms

--- 🚀 [Orchestrator] Intercepted execution of revenue_app.main.get_revenue [TABULAR] ---
[Hijacker] 🗄️ Bypassing standard driver. Initiating Universal Wire bypass...
      📊 Universal Wire Decoder Benchmark:
         - TCP Packet Stream -> SoA Allocation -> MLIR SIMD Math: 4.6542 ms

--- 🚀 [Orchestrator] Intercepted execution of revenue_app.main.get_revenue [TABULAR] ---
[Hijacker] 🗄️ Bypassing standard driver. Initiating Universal Wire bypass...
      📊 Universal Wire Decoder Benchmark:
         - TCP Packet Stream -> SoA Allocation -> MLIR SIMD Math: 4.4788 ms

--- 🚀 [Orchestrator] Intercepted execution of revenue_app.main.get_revenue [TABULAR] ---
[Hijacker] 🗄️ Bypassing standard driver. Initiating Universal Wire bypass...
      📊 Universal Wire Decoder Benchmark:
         - TCP Packet Stream -> SoA Allocation -> MLIR SIMD Math: 4.5303 ms

--- 🚀 [Orchestrator] Intercepted execution of revenue_app.main.get_revenue [TABULAR] ---
[Hijacker] 🗄️ Bypassing standard driver. Initiating Universal Wire bypass...
      📊 Universal Wire Decoder Benchmark:
         - TCP Packet Stream -> SoA Allocation -> MLIR SIMD Math: 5.3527 ms

--- 🚀 [Orchestrator] Intercepted execution of revenue_app.main.get_revenue [TABULAR] ---
[Hijacker] 🗄️ Bypassing standard driver. Initiating Universal Wire bypass...
      📊 Universal Wire Decoder Benchmark:
         - TCP Packet Stream -> SoA Allocation -> MLIR SIMD Math: 4.7464 ms

--- 🚀 [Orchestrator] Intercepted execution of revenue_app.main.get_revenue [TABULAR] ---
[Hijacker] 🗄️ Bypassing standard driver. Initiating Universal Wire bypass...
      📊 Universal Wire Decoder Benchmark:
         - TCP Packet Stream -> SoA Allocation -> MLIR SIMD Math: 4.5982 ms

--- 🚀 [Orchestrator] Intercepted execution of revenue_app.main.get_revenue [TABULAR] ---
[Hijacker] 🗄️ Bypassing standard driver. Initiating Universal Wire bypass...
      📊 Universal Wire Decoder Benchmark:
         - TCP Packet Stream -> SoA Allocation -> MLIR SIMD Math: 4.4626 ms

--- 🚀 [Orchestrator] Intercepted execution of revenue_app.main.get_revenue [TABULAR] ---
[Hijacker] 🗄️ Bypassing standard driver. Initiating Universal Wire bypass...
      📊 Universal Wire Decoder Benchmark:
         - TCP Packet Stream -> SoA Allocation -> MLIR SIMD Math: 4.4283 ms

--- 🚀 [Orchestrator] Intercepted execution of revenue_app.main.get_revenue [TABULAR] ---
[Hijacker] 🗄️ Bypassing standard driver. Initiating Universal Wire bypass...
      📊 Universal Wire Decoder Benchmark:
         - TCP Packet Stream -> SoA Allocation -> MLIR SIMD Math: 4.4710 ms

--- 🚀 [Orchestrator] Intercepted execution of revenue_app.main.get_revenue [TABULAR] ---
[Hijacker] 🗄️ Bypassing standard driver. Initiating Universal Wire bypass...
      📊 Universal Wire Decoder Benchmark:
         - TCP Packet Stream -> SoA Allocation -> MLIR SIMD Math: 4.7042 ms

--- 🚀 [Orchestrator] Intercepted execution of revenue_app.main.get_revenue [TABULAR] ---
[Hijacker] 🗄️ Bypassing standard driver. Initiating Universal Wire bypass...
      📊 Universal Wire Decoder Benchmark:
         - TCP Packet Stream -> SoA Allocation -> MLIR SIMD Math: 4.4994 ms

--- 🚀 [Orchestrator] Intercepted execution of revenue_app.main.get_revenue [TABULAR] ---
[Hijacker] 🗄️ Bypassing standard driver. Initiating Universal Wire bypass...
      📊 Universal Wire Decoder Benchmark:
         - TCP Packet Stream -> SoA Allocation -> MLIR SIMD Math: 4.4315 ms

--- 🚀 [Orchestrator] Intercepted execution of revenue_app.main.get_revenue [TABULAR] ---
[Hijacker] 🗄️ Bypassing standard driver. Initiating Universal Wire bypass...
      📊 Universal Wire Decoder Benchmark:
         - TCP Packet Stream -> SoA Allocation -> MLIR SIMD Math: 4.3944 ms

--- 🚀 [Orchestrator] Intercepted execution of revenue_app.main.get_revenue [TABULAR] ---
[Hijacker] 🗄️ Bypassing standard driver. Initiating Universal Wire bypass...
      📊 Universal Wire Decoder Benchmark:
         - TCP Packet Stream -> SoA Allocation -> MLIR SIMD Math: 4.4905 ms

--- 🚀 [Orchestrator] Intercepted execution of revenue_app.main.get_revenue [TABULAR] ---
[Hijacker] 🗄️ Bypassing standard driver. Initiating Universal Wire bypass...
      📊 Universal Wire Decoder Benchmark:
         - TCP Packet Stream -> SoA Allocation -> MLIR SIMD Math: 4.5328 ms

--- 🚀 [Orchestrator] Intercepted execution of revenue_app.main.get_revenue [TABULAR] ---
[Hijacker] 🗄️ Bypassing standard driver. Initiating Universal Wire bypass...
      📊 Universal Wire Decoder Benchmark:
         - TCP Packet Stream -> SoA Allocation -> MLIR SIMD Math: 4.6803 ms

--- 🚀 [Orchestrator] Intercepted execution of revenue_app.main.get_revenue [TABULAR] ---
[Hijacker] 🗄️ Bypassing standard driver. Initiating Universal Wire bypass...
      📊 Universal Wire Decoder Benchmark:
         - TCP Packet Stream -> SoA Allocation -> MLIR SIMD Math: 4.4307 ms

--- 🚀 [Orchestrator] Intercepted execution of revenue_app.main.get_revenue [TABULAR] ---
[Hijacker] 🗄️ Bypassing standard driver. Initiating Universal Wire bypass...
      📊 Universal Wire Decoder Benchmark:
         - TCP Packet Stream -> SoA Allocation -> MLIR SIMD Math: 5.7643 ms

--- 🚀 [Orchestrator] Intercepted execution of revenue_app.main.get_revenue [TABULAR] ---
[Hijacker] 🗄️ Bypassing standard driver. Initiating Universal Wire bypass...
      📊 Universal Wire Decoder Benchmark:
         - TCP Packet Stream -> SoA Allocation -> MLIR SIMD Math: 4.7445 ms

--- 🚀 [Orchestrator] Intercepted execution of revenue_app.main.get_revenue [TABULAR] ---
[Hijacker] 🗄️ Bypassing standard driver. Initiating Universal Wire bypass...
      📊 Universal Wire Decoder Benchmark:
         - TCP Packet Stream -> SoA Allocation -> MLIR SIMD Math: 4.4524 ms

--- 🚀 [Orchestrator] Intercepted execution of revenue_app.main.get_revenue [TABULAR] ---
[Hijacker] 🗄️ Bypassing standard driver. Initiating Universal Wire bypass...
      📊 Universal Wire Decoder Benchmark:
         - TCP Packet Stream -> SoA Allocation -> MLIR SIMD Math: 4.4377 ms

--- 🚀 [Orchestrator] Intercepted execution of revenue_app.main.get_revenue [TABULAR] ---
[Hijacker] 🗄️ Bypassing standard driver. Initiating Universal Wire bypass...
      📊 Universal Wire Decoder Benchmark:
         - TCP Packet Stream -> SoA Allocation -> MLIR SIMD Math: 4.3893 ms

--- 🚀 [Orchestrator] Intercepted execution of revenue_app.main.get_revenue [TABULAR] ---
[Hijacker] 🗄️ Bypassing standard driver. Initiating Universal Wire bypass...
      📊 Universal Wire Decoder Benchmark:
         - TCP Packet Stream -> SoA Allocation -> MLIR SIMD Math: 8.5556 ms

--- 🚀 [Orchestrator] Intercepted execution of revenue_app.main.get_revenue [TABULAR] ---
[Hijacker] 🗄️ Bypassing standard driver. Initiating Universal Wire bypass...
      📊 Universal Wire Decoder Benchmark:
         - TCP Packet Stream -> SoA Allocation -> MLIR SIMD Math: 4.6345 ms

--- 🚀 [Orchestrator] Intercepted execution of revenue_app.main.get_revenue [TABULAR] ---
[Hijacker] 🗄️ Bypassing standard driver. Initiating Universal Wire bypass...
      📊 Universal Wire Decoder Benchmark:
         - TCP Packet Stream -> SoA Allocation -> MLIR SIMD Math: 4.6603 ms

--- 🚀 [Orchestrator] Intercepted execution of revenue_app.main.get_revenue [TABULAR] ---
[Hijacker] 🗄️ Bypassing standard driver. Initiating Universal Wire bypass...
      📊 Universal Wire Decoder Benchmark:
         - TCP Packet Stream -> SoA Allocation -> MLIR SIMD Math: 4.6019 ms

--- 🚀 [Orchestrator] Intercepted execution of revenue_app.main.get_revenue [TABULAR] ---
[Hijacker] 🗄️ Bypassing standard driver. Initiating Universal Wire bypass...
      📊 Universal Wire Decoder Benchmark:
         - TCP Packet Stream -> SoA Allocation -> MLIR SIMD Math: 4.4508 ms

--- 🚀 [Orchestrator] Intercepted execution of revenue_app.main.get_revenue [TABULAR] ---
[Hijacker] 🗄️ Bypassing standard driver. Initiating Universal Wire bypass...
      📊 Universal Wire Decoder Benchmark:
         - TCP Packet Stream -> SoA Allocation -> MLIR SIMD Math: 4.6283 ms

--- 🚀 [Orchestrator] Intercepted execution of revenue_app.main.get_revenue [TABULAR] ---
[Hijacker] 🗄️ Bypassing standard driver. Initiating Universal Wire bypass...
      📊 Universal Wire Decoder Benchmark:
         - TCP Packet Stream -> SoA Allocation -> MLIR SIMD Math: 4.4856 ms

--- 🚀 [Orchestrator] Intercepted execution of revenue_app.main.get_revenue [TABULAR] ---
[Hijacker] 🗄️ Bypassing standard driver. Initiating Universal Wire bypass...
      📊 Universal Wire Decoder Benchmark:
         - TCP Packet Stream -> SoA Allocation -> MLIR SIMD Math: 4.4955 ms

--- 🚀 [Orchestrator] Intercepted execution of revenue_app.main.get_revenue [TABULAR] ---
[Hijacker] 🗄️ Bypassing standard driver. Initiating Universal Wire bypass...
      📊 Universal Wire Decoder Benchmark:
         - TCP Packet Stream -> SoA Allocation -> MLIR SIMD Math: 4.3997 ms

--- 🚀 [Orchestrator] Intercepted execution of revenue_app.main.get_revenue [TABULAR] ---
[Hijacker] 🗄️ Bypassing standard driver. Initiating Universal Wire bypass...
      📊 Universal Wire Decoder Benchmark:
         - TCP Packet Stream -> SoA Allocation -> MLIR SIMD Math: 5.9692 ms

--- 🚀 [Orchestrator] Intercepted execution of revenue_app.main.get_revenue [TABULAR] ---
[Hijacker] 🗄️ Bypassing standard driver. Initiating Universal Wire bypass...
      📊 Universal Wire Decoder Benchmark:
         - TCP Packet Stream -> SoA Allocation -> MLIR SIMD Math: 4.5472 ms

--- 🚀 [Orchestrator] Intercepted execution of revenue_app.main.get_revenue [TABULAR] ---
[Hijacker] 🗄️ Bypassing standard driver. Initiating Universal Wire bypass...
      📊 Universal Wire Decoder Benchmark:
         - TCP Packet Stream -> SoA Allocation -> MLIR SIMD Math: 4.6592 ms

--- 🚀 [Orchestrator] Intercepted execution of revenue_app.main.get_revenue [TABULAR] ---
[Hijacker] 🗄️ Bypassing standard driver. Initiating Universal Wire bypass...
      📊 Universal Wire Decoder Benchmark:
         - TCP Packet Stream -> SoA Allocation -> MLIR SIMD Math: 4.4196 ms

--- 🚀 [Orchestrator] Intercepted execution of revenue_app.main.get_revenue [TABULAR] ---
[Hijacker] 🗄️ Bypassing standard driver. Initiating Universal Wire bypass...
      📊 Universal Wire Decoder Benchmark:
         - TCP Packet Stream -> SoA Allocation -> MLIR SIMD Math: 4.4349 ms

--- 🚀 [Orchestrator] Intercepted execution of revenue_app.main.get_revenue [TABULAR] ---
[Hijacker] 🗄️ Bypassing standard driver. Initiating Universal Wire bypass...
      📊 Universal Wire Decoder Benchmark:
         - TCP Packet Stream -> SoA Allocation -> MLIR SIMD Math: 4.5210 ms

--- 🚀 [Orchestrator] Intercepted execution of revenue_app.main.get_revenue [TABULAR] ---
[Hijacker] 🗄️ Bypassing standard driver. Initiating Universal Wire bypass...
      📊 Universal Wire Decoder Benchmark:
         - TCP Packet Stream -> SoA Allocation -> MLIR SIMD Math: 4.4750 ms

--- 🚀 [Orchestrator] Intercepted execution of revenue_app.main.get_revenue [TABULAR] ---
[Hijacker] 🗄️ Bypassing standard driver. Initiating Universal Wire bypass...
      📊 Universal Wire Decoder Benchmark:
         - TCP Packet Stream -> SoA Allocation -> MLIR SIMD Math: 4.5613 ms

--- 🚀 [Orchestrator] Intercepted execution of revenue_app.main.get_revenue [TABULAR] ---
[Hijacker] 🗄️ Bypassing standard driver. Initiating Universal Wire bypass...
      📊 Universal Wire Decoder Benchmark:
         - TCP Packet Stream -> SoA Allocation -> MLIR SIMD Math: 4.4823 ms

--- 🚀 [Orchestrator] Intercepted execution of revenue_app.main.get_revenue [TABULAR] ---
[Hijacker] 🗄️ Bypassing standard driver. Initiating Universal Wire bypass...
      📊 Universal Wire Decoder Benchmark:
         - TCP Packet Stream -> SoA Allocation -> MLIR SIMD Math: 4.7723 ms

--- 🚀 [Orchestrator] Intercepted execution of revenue_app.main.get_revenue [TABULAR] ---
[Hijacker] 🗄️ Bypassing standard driver. Initiating Universal Wire bypass...
      📊 Universal Wire Decoder Benchmark:
         - TCP Packet Stream -> SoA Allocation -> MLIR SIMD Math: 4.5240 ms

--- 🚀 [Orchestrator] Intercepted execution of revenue_app.main.get_revenue [TABULAR] ---
[Hijacker] 🗄️ Bypassing standard driver. Initiating Universal Wire bypass...
      📊 Universal Wire Decoder Benchmark:
         - TCP Packet Stream -> SoA Allocation -> MLIR SIMD Math: 4.3933 ms

--- 🚀 [Orchestrator] Intercepted execution of revenue_app.main.get_revenue [TABULAR] ---
[Hijacker] 🗄️ Bypassing standard driver. Initiating Universal Wire bypass...
      📊 Universal Wire Decoder Benchmark:
         - TCP Packet Stream -> SoA Allocation -> MLIR SIMD Math: 4.6928 ms

--- 🚀 [Orchestrator] Intercepted execution of revenue_app.main.get_revenue [TABULAR] ---
[Hijacker] 🗄️ Bypassing standard driver. Initiating Universal Wire bypass...
      📊 Universal Wire Decoder Benchmark:
         - TCP Packet Stream -> SoA Allocation -> MLIR SIMD Math: 4.4554 ms

--- 🚀 [Orchestrator] Intercepted execution of revenue_app.main.get_revenue [TABULAR] ---
[Hijacker] 🗄️ Bypassing standard driver. Initiating Universal Wire bypass...
      📊 Universal Wire Decoder Benchmark:
         - TCP Packet Stream -> SoA Allocation -> MLIR SIMD Math: 5.5625 ms

--- 🚀 [Orchestrator] Intercepted execution of revenue_app.main.get_revenue [TABULAR] ---
[Hijacker] 🗄️ Bypassing standard driver. Initiating Universal Wire bypass...
      📊 Universal Wire Decoder Benchmark:
         - TCP Packet Stream -> SoA Allocation -> MLIR SIMD Math: 4.7015 ms

--- 🚀 [Orchestrator] Intercepted execution of revenue_app.main.get_revenue [TABULAR] ---
[Hijacker] 🗄️ Bypassing standard driver. Initiating Universal Wire bypass...
      📊 Universal Wire Decoder Benchmark:
         - TCP Packet Stream -> SoA Allocation -> MLIR SIMD Math: 4.5305 ms

--- 🚀 [Orchestrator] Intercepted execution of revenue_app.main.get_revenue [TABULAR] ---
[Hijacker] 🗄️ Bypassing standard driver. Initiating Universal Wire bypass...
      📊 Universal Wire Decoder Benchmark:
         - TCP Packet Stream -> SoA Allocation -> MLIR SIMD Math: 4.5198 ms

--- 🚀 [Orchestrator] Intercepted execution of revenue_app.main.get_revenue [TABULAR] ---
[Hijacker] 🗄️ Bypassing standard driver. Initiating Universal Wire bypass...
      📊 Universal Wire Decoder Benchmark:
         - TCP Packet Stream -> SoA Allocation -> MLIR SIMD Math: 4.3093 ms

--- 🚀 [Orchestrator] Intercepted execution of revenue_app.main.get_revenue [TABULAR] ---
[Hijacker] 🗄️ Bypassing standard driver. Initiating Universal Wire bypass...
      📊 Universal Wire Decoder Benchmark:
         - TCP Packet Stream -> SoA Allocation -> MLIR SIMD Math: 4.4255 ms

--- 🚀 [Orchestrator] Intercepted execution of revenue_app.main.get_revenue [TABULAR] ---
[Hijacker] 🗄️ Bypassing standard driver. Initiating Universal Wire bypass...
      📊 Universal Wire Decoder Benchmark:
         - TCP Packet Stream -> SoA Allocation -> MLIR SIMD Math: 4.6265 ms

--- 🚀 [Orchestrator] Intercepted execution of revenue_app.main.get_revenue [TABULAR] ---
[Hijacker] 🗄️ Bypassing standard driver. Initiating Universal Wire bypass...
      📊 Universal Wire Decoder Benchmark:
         - TCP Packet Stream -> SoA Allocation -> MLIR SIMD Math: 4.4398 ms

--- 🚀 [Orchestrator] Intercepted execution of revenue_app.main.get_revenue [TABULAR] ---
[Hijacker] 🗄️ Bypassing standard driver. Initiating Universal Wire bypass...
      📊 Universal Wire Decoder Benchmark:
         - TCP Packet Stream -> SoA Allocation -> MLIR SIMD Math: 4.4477 ms

--- 🚀 [Orchestrator] Intercepted execution of revenue_app.main.get_revenue [TABULAR] ---
[Hijacker] 🗄️ Bypassing standard driver. Initiating Universal Wire bypass...
      📊 Universal Wire Decoder Benchmark:
         - TCP Packet Stream -> SoA Allocation -> MLIR SIMD Math: 4.4800 ms

--- 🚀 [Orchestrator] Intercepted execution of revenue_app.main.get_revenue [TABULAR] ---
[Hijacker] 🗄️ Bypassing standard driver. Initiating Universal Wire bypass...
      📊 Universal Wire Decoder Benchmark:
         - TCP Packet Stream -> SoA Allocation -> MLIR SIMD Math: 4.7201 ms

--- 🚀 [Orchestrator] Intercepted execution of revenue_app.main.get_revenue [TABULAR] ---
[Hijacker] 🗄️ Bypassing standard driver. Initiating Universal Wire bypass...
      📊 Universal Wire Decoder Benchmark:
         - TCP Packet Stream -> SoA Allocation -> MLIR SIMD Math: 4.4942 ms

--- 🚀 [Orchestrator] Intercepted execution of revenue_app.main.get_revenue [TABULAR] ---
[Hijacker] 🗄️ Bypassing standard driver. Initiating Universal Wire bypass...
      📊 Universal Wire Decoder Benchmark:
         - TCP Packet Stream -> SoA Allocation -> MLIR SIMD Math: 4.6102 ms

--- 🚀 [Orchestrator] Intercepted execution of revenue_app.main.get_revenue [TABULAR] ---
[Hijacker] 🗄️ Bypassing standard driver. Initiating Universal Wire bypass...
      📊 Universal Wire Decoder Benchmark:
         - TCP Packet Stream -> SoA Allocation -> MLIR SIMD Math: 4.6850 ms

--- 🚀 [Orchestrator] Intercepted execution of revenue_app.main.get_revenue [TABULAR] ---
[Hijacker] 🗄️ Bypassing standard driver. Initiating Universal Wire bypass...
      📊 Universal Wire Decoder Benchmark:
         - TCP Packet Stream -> SoA Allocation -> MLIR SIMD Math: 5.8363 ms

--- 🚀 [Orchestrator] Intercepted execution of revenue_app.main.get_revenue [TABULAR] ---
[Hijacker] 🗄️ Bypassing standard driver. Initiating Universal Wire bypass...
      📊 Universal Wire Decoder Benchmark:
         - TCP Packet Stream -> SoA Allocation -> MLIR SIMD Math: 4.4890 ms

--- 🚀 [Orchestrator] Intercepted execution of revenue_app.main.get_revenue [TABULAR] ---
[Hijacker] 🗄️ Bypassing standard driver. Initiating Universal Wire bypass...
      📊 Universal Wire Decoder Benchmark:
         - TCP Packet Stream -> SoA Allocation -> MLIR SIMD Math: 4.4047 ms

--- 🚀 [Orchestrator] Intercepted execution of revenue_app.main.get_revenue [TABULAR] ---
[Hijacker] 🗄️ Bypassing standard driver. Initiating Universal Wire bypass...
      📊 Universal Wire Decoder Benchmark:
         - TCP Packet Stream -> SoA Allocation -> MLIR SIMD Math: 4.7187 ms

--- 🚀 [Orchestrator] Intercepted execution of revenue_app.main.get_revenue [TABULAR] ---
[Hijacker] 🗄️ Bypassing standard driver. Initiating Universal Wire bypass...
      📊 Universal Wire Decoder Benchmark:
         - TCP Packet Stream -> SoA Allocation -> MLIR SIMD Math: 4.4844 ms

--- 🚀 [Orchestrator] Intercepted execution of revenue_app.main.get_revenue [TABULAR] ---
[Hijacker] 🗄️ Bypassing standard driver. Initiating Universal Wire bypass...
      📊 Universal Wire Decoder Benchmark:
         - TCP Packet Stream -> SoA Allocation -> MLIR SIMD Math: 4.4884 ms

--- 🚀 [Orchestrator] Intercepted execution of revenue_app.main.get_revenue [TABULAR] ---
[Hijacker] 🗄️ Bypassing standard driver. Initiating Universal Wire bypass...
      📊 Universal Wire Decoder Benchmark:
         - TCP Packet Stream -> SoA Allocation -> MLIR SIMD Math: 4.6250 ms

--- 🚀 [Orchestrator] Intercepted execution of revenue_app.main.get_revenue [TABULAR] ---
[Hijacker] 🗄️ Bypassing standard driver. Initiating Universal Wire bypass...
      📊 Universal Wire Decoder Benchmark:
         - TCP Packet Stream -> SoA Allocation -> MLIR SIMD Math: 4.4333 ms

--- 🚀 [Orchestrator] Intercepted execution of revenue_app.main.get_revenue [TABULAR] ---
[Hijacker] 🗄️ Bypassing standard driver. Initiating Universal Wire bypass...
      📊 Universal Wire Decoder Benchmark:
         - TCP Packet Stream -> SoA Allocation -> MLIR SIMD Math: 4.4164 ms

--- 🚀 [Orchestrator] Intercepted execution of revenue_app.main.get_revenue [TABULAR] ---
[Hijacker] 🗄️ Bypassing standard driver. Initiating Universal Wire bypass...
      📊 Universal Wire Decoder Benchmark:
         - TCP Packet Stream -> SoA Allocation -> MLIR SIMD Math: 4.4197 ms

--- 🚀 [Orchestrator] Intercepted execution of revenue_app.main.get_revenue [TABULAR] ---
[Hijacker] 🗄️ Bypassing standard driver. Initiating Universal Wire bypass...
      📊 Universal Wire Decoder Benchmark:
         - TCP Packet Stream -> SoA Allocation -> MLIR SIMD Math: 4.7038 ms

--- 🚀 [Orchestrator] Intercepted execution of revenue_app.main.get_revenue [TABULAR] ---
[Hijacker] 🗄️ Bypassing standard driver. Initiating Universal Wire bypass...
      📊 Universal Wire Decoder Benchmark:
         - TCP Packet Stream -> SoA Allocation -> MLIR SIMD Math: 4.4880 ms

--- 🚀 [Orchestrator] Intercepted execution of revenue_app.main.get_revenue [TABULAR] ---
[Hijacker] 🗄️ Bypassing standard driver. Initiating Universal Wire bypass...
      📊 Universal Wire Decoder Benchmark:
         - TCP Packet Stream -> SoA Allocation -> MLIR SIMD Math: 4.4148 ms

--- 🚀 [Orchestrator] Intercepted execution of revenue_app.main.get_revenue [TABULAR] ---
[Hijacker] 🗄️ Bypassing standard driver. Initiating Universal Wire bypass...
      📊 Universal Wire Decoder Benchmark:
         - TCP Packet Stream -> SoA Allocation -> MLIR SIMD Math: 4.4099 ms

--- 🚀 [Orchestrator] Intercepted execution of revenue_app.main.get_revenue [TABULAR] ---
[Hijacker] 🗄️ Bypassing standard driver. Initiating Universal Wire bypass...
      📊 Universal Wire Decoder Benchmark:
         - TCP Packet Stream -> SoA Allocation -> MLIR SIMD Math: 5.8239 ms

--- 🚀 [Orchestrator] Intercepted execution of revenue_app.main.get_revenue [TABULAR] ---
[Hijacker] 🗄️ Bypassing standard driver. Initiating Universal Wire bypass...
      📊 Universal Wire Decoder Benchmark:
         - TCP Packet Stream -> SoA Allocation -> MLIR SIMD Math: 4.5692 ms

--- 🚀 [Orchestrator] Intercepted execution of revenue_app.main.get_revenue [TABULAR] ---
[Hijacker] 🗄️ Bypassing standard driver. Initiating Universal Wire bypass...
      📊 Universal Wire Decoder Benchmark:
         - TCP Packet Stream -> SoA Allocation -> MLIR SIMD Math: 4.5840 ms

--- 🚀 [Orchestrator] Intercepted execution of revenue_app.main.get_revenue [TABULAR] ---
[Hijacker] 🗄️ Bypassing standard driver. Initiating Universal Wire bypass...
      📊 Universal Wire Decoder Benchmark:
         - TCP Packet Stream -> SoA Allocation -> MLIR SIMD Math: 4.4240 ms

--- 🚀 [Orchestrator] Intercepted execution of revenue_app.main.get_revenue [TABULAR] ---
[Hijacker] 🗄️ Bypassing standard driver. Initiating Universal Wire bypass...
      📊 Universal Wire Decoder Benchmark:
         - TCP Packet Stream -> SoA Allocation -> MLIR SIMD Math: 4.6927 ms

--- 🚀 [Orchestrator] Intercepted execution of revenue_app.main.get_revenue [TABULAR] ---
[Hijacker] 🗄️ Bypassing standard driver. Initiating Universal Wire bypass...
      📊 Universal Wire Decoder Benchmark:
         - TCP Packet Stream -> SoA Allocation -> MLIR SIMD Math: 4.4059 ms

--- 🚀 [Orchestrator] Intercepted execution of revenue_app.main.get_revenue [TABULAR] ---
[Hijacker] 🗄️ Bypassing standard driver. Initiating Universal Wire bypass...
      📊 Universal Wire Decoder Benchmark:
         - TCP Packet Stream -> SoA Allocation -> MLIR SIMD Math: 4.4149 ms

--- 🚀 [Orchestrator] Intercepted execution of revenue_app.main.get_revenue [TABULAR] ---
[Hijacker] 🗄️ Bypassing standard driver. Initiating Universal Wire bypass...
      📊 Universal Wire Decoder Benchmark:
         - TCP Packet Stream -> SoA Allocation -> MLIR SIMD Math: 4.4508 ms

--- 🚀 [Orchestrator] Intercepted execution of revenue_app.main.get_revenue [TABULAR] ---
[Hijacker] 🗄️ Bypassing standard driver. Initiating Universal Wire bypass...
      📊 Universal Wire Decoder Benchmark:
         - TCP Packet Stream -> SoA Allocation -> MLIR SIMD Math: 4.4735 ms

--- 🚀 [Orchestrator] Intercepted execution of revenue_app.main.get_revenue [TABULAR] ---
[Hijacker] 🗄️ Bypassing standard driver. Initiating Universal Wire bypass...
      📊 Universal Wire Decoder Benchmark:
         - TCP Packet Stream -> SoA Allocation -> MLIR SIMD Math: 4.6274 ms

--- 🚀 [Orchestrator] Intercepted execution of revenue_app.main.get_revenue [TABULAR] ---
[Hijacker] 🗄️ Bypassing standard driver. Initiating Universal Wire bypass...
      📊 Universal Wire Decoder Benchmark:
         - TCP Packet Stream -> SoA Allocation -> MLIR SIMD Math: 4.5677 ms

--- 🚀 [Orchestrator] Intercepted execution of revenue_app.main.get_revenue [TABULAR] ---
[Hijacker] 🗄️ Bypassing standard driver. Initiating Universal Wire bypass...
      📊 Universal Wire Decoder Benchmark:
         - TCP Packet Stream -> SoA Allocation -> MLIR SIMD Math: 4.3512 ms

--- 🚀 [Orchestrator] Intercepted execution of revenue_app.main.get_revenue [TABULAR] ---
[Hijacker] 🗄️ Bypassing standard driver. Initiating Universal Wire bypass...
      📊 Universal Wire Decoder Benchmark:
         - TCP Packet Stream -> SoA Allocation -> MLIR SIMD Math: 4.3808 ms

--- 🚀 [Orchestrator] Intercepted execution of revenue_app.main.get_revenue [TABULAR] ---
[Hijacker] 🗄️ Bypassing standard driver. Initiating Universal Wire bypass...
      📊 Universal Wire Decoder Benchmark:
         - TCP Packet Stream -> SoA Allocation -> MLIR SIMD Math: 4.3874 ms

--- 🚀 [Orchestrator] Intercepted execution of revenue_app.main.get_revenue [TABULAR] ---
[Hijacker] 🗄️ Bypassing standard driver. Initiating Universal Wire bypass...
      📊 Universal Wire Decoder Benchmark:
         - TCP Packet Stream -> SoA Allocation -> MLIR SIMD Math: 6.0980 ms

--- 🚀 [Orchestrator] Intercepted execution of revenue_app.main.get_revenue [TABULAR] ---
[Hijacker] 🗄️ Bypassing standard driver. Initiating Universal Wire bypass...
      📊 Universal Wire Decoder Benchmark:
         - TCP Packet Stream -> SoA Allocation -> MLIR SIMD Math: 4.4940 ms

--- 🚀 [Orchestrator] Intercepted execution of revenue_app.main.get_revenue [TABULAR] ---
[Hijacker] 🗄️ Bypassing standard driver. Initiating Universal Wire bypass...
      📊 Universal Wire Decoder Benchmark:
         - TCP Packet Stream -> SoA Allocation -> MLIR SIMD Math: 4.4566 ms

--- 🚀 [Orchestrator] Intercepted execution of revenue_app.main.get_revenue [TABULAR] ---
[Hijacker] 🗄️ Bypassing standard driver. Initiating Universal Wire bypass...
      📊 Universal Wire Decoder Benchmark:
         - TCP Packet Stream -> SoA Allocation -> MLIR SIMD Math: 4.4591 ms

--- 🚀 [Orchestrator] Intercepted execution of revenue_app.main.get_revenue [TABULAR] ---
[Hijacker] 🗄️ Bypassing standard driver. Initiating Universal Wire bypass...
      📊 Universal Wire Decoder Benchmark:
         - TCP Packet Stream -> SoA Allocation -> MLIR SIMD Math: 4.6251 ms

--- 🚀 [Orchestrator] Intercepted execution of revenue_app.main.get_revenue [TABULAR] ---
[Hijacker] 🗄️ Bypassing standard driver. Initiating Universal Wire bypass...
      📊 Universal Wire Decoder Benchmark:
         - TCP Packet Stream -> SoA Allocation -> MLIR SIMD Math: 4.6868 ms

--- 🚀 [Orchestrator] Intercepted execution of revenue_app.main.get_revenue [TABULAR] ---
[Hijacker] 🗄️ Bypassing standard driver. Initiating Universal Wire bypass...
      📊 Universal Wire Decoder Benchmark:
         - TCP Packet Stream -> SoA Allocation -> MLIR SIMD Math: 4.4109 ms

--- 🚀 [Orchestrator] Intercepted execution of revenue_app.main.get_revenue [TABULAR] ---
[Hijacker] 🗄️ Bypassing standard driver. Initiating Universal Wire bypass...
      📊 Universal Wire Decoder Benchmark:
         - TCP Packet Stream -> SoA Allocation -> MLIR SIMD Math: 4.6546 ms

--- 🚀 [Orchestrator] Intercepted execution of revenue_app.main.get_revenue [TABULAR] ---
[Hijacker] 🗄️ Bypassing standard driver. Initiating Universal Wire bypass...
      📊 Universal Wire Decoder Benchmark:
         - TCP Packet Stream -> SoA Allocation -> MLIR SIMD Math: 4.4332 ms

--- 🚀 [Orchestrator] Intercepted execution of revenue_app.main.get_revenue [TABULAR] ---
[Hijacker] 🗄️ Bypassing standard driver. Initiating Universal Wire bypass...
      📊 Universal Wire Decoder Benchmark:
         - TCP Packet Stream -> SoA Allocation -> MLIR SIMD Math: 4.4299 ms

--- 🚀 [Orchestrator] Intercepted execution of revenue_app.main.get_revenue [TABULAR] ---
[Hijacker] 🗄️ Bypassing standard driver. Initiating Universal Wire bypass...
      📊 Universal Wire Decoder Benchmark:
         - TCP Packet Stream -> SoA Allocation -> MLIR SIMD Math: 4.4182 ms

--- 🚀 [Orchestrator] Intercepted execution of revenue_app.main.get_revenue [TABULAR] ---
[Hijacker] 🗄️ Bypassing standard driver. Initiating Universal Wire bypass...
      📊 Universal Wire Decoder Benchmark:
         - TCP Packet Stream -> SoA Allocation -> MLIR SIMD Math: 4.4588 ms

--- 🚀 [Orchestrator] Intercepted execution of revenue_app.main.get_revenue [TABULAR] ---
[Hijacker] 🗄️ Bypassing standard driver. Initiating Universal Wire bypass...
      📊 Universal Wire Decoder Benchmark:
         - TCP Packet Stream -> SoA Allocation -> MLIR SIMD Math: 4.6437 ms

--- 🚀 [Orchestrator] Intercepted execution of revenue_app.main.get_revenue [TABULAR] ---
[Hijacker] 🗄️ Bypassing standard driver. Initiating Universal Wire bypass...
      📊 Universal Wire Decoder Benchmark:
         - TCP Packet Stream -> SoA Allocation -> MLIR SIMD Math: 4.4220 ms

--- 🚀 [Orchestrator] Intercepted execution of revenue_app.main.get_revenue [TABULAR] ---
[Hijacker] 🗄️ Bypassing standard driver. Initiating Universal Wire bypass...
      📊 Universal Wire Decoder Benchmark:
         - TCP Packet Stream -> SoA Allocation -> MLIR SIMD Math: 5.7449 ms

--- 🚀 [Orchestrator] Intercepted execution of revenue_app.main.get_revenue [TABULAR] ---
[Hijacker] 🗄️ Bypassing standard driver. Initiating Universal Wire bypass...
      📊 Universal Wire Decoder Benchmark:
         - TCP Packet Stream -> SoA Allocation -> MLIR SIMD Math: 4.7669 ms

--- 🚀 [Orchestrator] Intercepted execution of revenue_app.main.get_revenue [TABULAR] ---
[Hijacker] 🗄️ Bypassing standard driver. Initiating Universal Wire bypass...
      📊 Universal Wire Decoder Benchmark:
         - TCP Packet Stream -> SoA Allocation -> MLIR SIMD Math: 4.3868 ms

--- 🚀 [Orchestrator] Intercepted execution of revenue_app.main.get_revenue [TABULAR] ---
[Hijacker] 🗄️ Bypassing standard driver. Initiating Universal Wire bypass...
      📊 Universal Wire Decoder Benchmark:
         - TCP Packet Stream -> SoA Allocation -> MLIR SIMD Math: 4.3319 ms

--- 🚀 [Orchestrator] Intercepted execution of revenue_app.main.get_revenue [TABULAR] ---
[Hijacker] 🗄️ Bypassing standard driver. Initiating Universal Wire bypass...
      📊 Universal Wire Decoder Benchmark:
         - TCP Packet Stream -> SoA Allocation -> MLIR SIMD Math: 4.4407 ms

--- 🚀 [Orchestrator] Intercepted execution of revenue_app.main.get_revenue [TABULAR] ---
[Hijacker] 🗄️ Bypassing standard driver. Initiating Universal Wire bypass...
      📊 Universal Wire Decoder Benchmark:
         - TCP Packet Stream -> SoA Allocation -> MLIR SIMD Math: 4.5135 ms

--- 🚀 [Orchestrator] Intercepted execution of revenue_app.main.get_revenue [TABULAR] ---
[Hijacker] 🗄️ Bypassing standard driver. Initiating Universal Wire bypass...
      📊 Universal Wire Decoder Benchmark:
         - TCP Packet Stream -> SoA Allocation -> MLIR SIMD Math: 4.5272 ms

--- 🚀 [Orchestrator] Intercepted execution of revenue_app.main.get_revenue [TABULAR] ---
[Hijacker] 🗄️ Bypassing standard driver. Initiating Universal Wire bypass...
      📊 Universal Wire Decoder Benchmark:
         - TCP Packet Stream -> SoA Allocation -> MLIR SIMD Math: 4.7517 ms

--- 🚀 [Orchestrator] Intercepted execution of revenue_app.main.get_revenue [TABULAR] ---
[Hijacker] 🗄️ Bypassing standard driver. Initiating Universal Wire bypass...
      📊 Universal Wire Decoder Benchmark:
         - TCP Packet Stream -> SoA Allocation -> MLIR SIMD Math: 4.4068 ms

--- 🚀 [Orchestrator] Intercepted execution of revenue_app.main.get_revenue [TABULAR] ---
[Hijacker] 🗄️ Bypassing standard driver. Initiating Universal Wire bypass...
      📊 Universal Wire Decoder Benchmark:
         - TCP Packet Stream -> SoA Allocation -> MLIR SIMD Math: 4.6236 ms

--- 🚀 [Orchestrator] Intercepted execution of revenue_app.main.get_revenue [TABULAR] ---
[Hijacker] 🗄️ Bypassing standard driver. Initiating Universal Wire bypass...
      📊 Universal Wire Decoder Benchmark:
         - TCP Packet Stream -> SoA Allocation -> MLIR SIMD Math: 4.4444 ms

--- 🚀 [Orchestrator] Intercepted execution of revenue_app.main.get_revenue [TABULAR] ---
[Hijacker] 🗄️ Bypassing standard driver. Initiating Universal Wire bypass...
      📊 Universal Wire Decoder Benchmark:
         - TCP Packet Stream -> SoA Allocation -> MLIR SIMD Math: 4.4023 ms

--- 🚀 [Orchestrator] Intercepted execution of revenue_app.main.get_revenue [TABULAR] ---
[Hijacker] 🗄️ Bypassing standard driver. Initiating Universal Wire bypass...
      📊 Universal Wire Decoder Benchmark:
         - TCP Packet Stream -> SoA Allocation -> MLIR SIMD Math: 4.5906 ms

--- 🚀 [Orchestrator] Intercepted execution of revenue_app.main.get_revenue [TABULAR] ---
[Hijacker] 🗄️ Bypassing standard driver. Initiating Universal Wire bypass...
      📊 Universal Wire Decoder Benchmark:
         - TCP Packet Stream -> SoA Allocation -> MLIR SIMD Math: 4.4370 ms

--- 🚀 [Orchestrator] Intercepted execution of revenue_app.main.get_revenue [TABULAR] ---
[Hijacker] 🗄️ Bypassing standard driver. Initiating Universal Wire bypass...
      📊 Universal Wire Decoder Benchmark:
         - TCP Packet Stream -> SoA Allocation -> MLIR SIMD Math: 6.0329 ms

--- 🚀 [Orchestrator] Intercepted execution of revenue_app.main.get_revenue [TABULAR] ---
[Hijacker] 🗄️ Bypassing standard driver. Initiating Universal Wire bypass...
      📊 Universal Wire Decoder Benchmark:
         - TCP Packet Stream -> SoA Allocation -> MLIR SIMD Math: 4.8438 ms

--- 🚀 [Orchestrator] Intercepted execution of revenue_app.main.get_revenue [TABULAR] ---
[Hijacker] 🗄️ Bypassing standard driver. Initiating Universal Wire bypass...
      📊 Universal Wire Decoder Benchmark:
         - TCP Packet Stream -> SoA Allocation -> MLIR SIMD Math: 4.4244 ms

--- 🚀 [Orchestrator] Intercepted execution of revenue_app.main.get_revenue [TABULAR] ---
[Hijacker] 🗄️ Bypassing standard driver. Initiating Universal Wire bypass...
      📊 Universal Wire Decoder Benchmark:
         - TCP Packet Stream -> SoA Allocation -> MLIR SIMD Math: 4.5187 ms

--- 🚀 [Orchestrator] Intercepted execution of revenue_app.main.get_revenue [TABULAR] ---
[Hijacker] 🗄️ Bypassing standard driver. Initiating Universal Wire bypass...
      📊 Universal Wire Decoder Benchmark:
         - TCP Packet Stream -> SoA Allocation -> MLIR SIMD Math: 4.4267 ms

--- 🚀 [Orchestrator] Intercepted execution of revenue_app.main.get_revenue [TABULAR] ---
[Hijacker] 🗄️ Bypassing standard driver. Initiating Universal Wire bypass...
      📊 Universal Wire Decoder Benchmark:
         - TCP Packet Stream -> SoA Allocation -> MLIR SIMD Math: 4.4088 ms

--- 🚀 [Orchestrator] Intercepted execution of revenue_app.main.get_revenue [TABULAR] ---
[Hijacker] 🗄️ Bypassing standard driver. Initiating Universal Wire bypass...
      📊 Universal Wire Decoder Benchmark:
         - TCP Packet Stream -> SoA Allocation -> MLIR SIMD Math: 4.6900 ms

--- 🚀 [Orchestrator] Intercepted execution of revenue_app.main.get_revenue [TABULAR] ---
[Hijacker] 🗄️ Bypassing standard driver. Initiating Universal Wire bypass...
      📊 Universal Wire Decoder Benchmark:
         - TCP Packet Stream -> SoA Allocation -> MLIR SIMD Math: 4.3712 ms

--- 🚀 [Orchestrator] Intercepted execution of revenue_app.main.get_revenue [TABULAR] ---
[Hijacker] 🗄️ Bypassing standard driver. Initiating Universal Wire bypass...
      📊 Universal Wire Decoder Benchmark:
         - TCP Packet Stream -> SoA Allocation -> MLIR SIMD Math: 4.5317 ms

--- 🚀 [Orchestrator] Intercepted execution of revenue_app.main.get_revenue [TABULAR] ---
[Hijacker] 🗄️ Bypassing standard driver. Initiating Universal Wire bypass...
      📊 Universal Wire Decoder Benchmark:
         - TCP Packet Stream -> SoA Allocation -> MLIR SIMD Math: 4.3848 ms

--- 🚀 [Orchestrator] Intercepted execution of revenue_app.main.get_revenue [TABULAR] ---
[Hijacker] 🗄️ Bypassing standard driver. Initiating Universal Wire bypass...
      📊 Universal Wire Decoder Benchmark:
         - TCP Packet Stream -> SoA Allocation -> MLIR SIMD Math: 4.6708 ms

--- 🚀 [Orchestrator] Intercepted execution of revenue_app.main.get_revenue [TABULAR] ---
[Hijacker] 🗄️ Bypassing standard driver. Initiating Universal Wire bypass...
      📊 Universal Wire Decoder Benchmark:
         - TCP Packet Stream -> SoA Allocation -> MLIR SIMD Math: 4.4295 ms

--- 🚀 [Orchestrator] Intercepted execution of revenue_app.main.get_revenue [TABULAR] ---
[Hijacker] 🗄️ Bypassing standard driver. Initiating Universal Wire bypass...
      📊 Universal Wire Decoder Benchmark:
         - TCP Packet Stream -> SoA Allocation -> MLIR SIMD Math: 4.5125 ms

--- 🚀 [Orchestrator] Intercepted execution of revenue_app.main.get_revenue [TABULAR] ---
[Hijacker] 🗄️ Bypassing standard driver. Initiating Universal Wire bypass...
      📊 Universal Wire Decoder Benchmark:
         - TCP Packet Stream -> SoA Allocation -> MLIR SIMD Math: 4.5731 ms

--- 🚀 [Orchestrator] Intercepted execution of revenue_app.main.get_revenue [TABULAR] ---
[Hijacker] 🗄️ Bypassing standard driver. Initiating Universal Wire bypass...
      📊 Universal Wire Decoder Benchmark:
         - TCP Packet Stream -> SoA Allocation -> MLIR SIMD Math: 5.9792 ms

--- 🚀 [Orchestrator] Intercepted execution of revenue_app.main.get_revenue [TABULAR] ---
[Hijacker] 🗄️ Bypassing standard driver. Initiating Universal Wire bypass...
      📊 Universal Wire Decoder Benchmark:
         - TCP Packet Stream -> SoA Allocation -> MLIR SIMD Math: 4.6442 ms

--- 🚀 [Orchestrator] Intercepted execution of revenue_app.main.get_revenue [TABULAR] ---
[Hijacker] 🗄️ Bypassing standard driver. Initiating Universal Wire bypass...
      📊 Universal Wire Decoder Benchmark:
         - TCP Packet Stream -> SoA Allocation -> MLIR SIMD Math: 4.3874 ms

--- 🚀 [Orchestrator] Intercepted execution of revenue_app.main.get_revenue [TABULAR] ---
[Hijacker] 🗄️ Bypassing standard driver. Initiating Universal Wire bypass...
      📊 Universal Wire Decoder Benchmark:
         - TCP Packet Stream -> SoA Allocation -> MLIR SIMD Math: 4.5421 ms

--- 🚀 [Orchestrator] Intercepted execution of revenue_app.main.get_revenue [TABULAR] ---
[Hijacker] 🗄️ Bypassing standard driver. Initiating Universal Wire bypass...
      📊 Universal Wire Decoder Benchmark:
         - TCP Packet Stream -> SoA Allocation -> MLIR SIMD Math: 4.4817 ms

--- 🚀 [Orchestrator] Intercepted execution of revenue_app.main.get_revenue [TABULAR] ---
[Hijacker] 🗄️ Bypassing standard driver. Initiating Universal Wire bypass...
      📊 Universal Wire Decoder Benchmark:
         - TCP Packet Stream -> SoA Allocation -> MLIR SIMD Math: 4.5630 ms

--- 🚀 [Orchestrator] Intercepted execution of revenue_app.main.get_revenue [TABULAR] ---
[Hijacker] 🗄️ Bypassing standard driver. Initiating Universal Wire bypass...
      📊 Universal Wire Decoder Benchmark:
         - TCP Packet Stream -> SoA Allocation -> MLIR SIMD Math: 4.4440 ms

--- 🚀 [Orchestrator] Intercepted execution of revenue_app.main.get_revenue [TABULAR] ---
[Hijacker] 🗄️ Bypassing standard driver. Initiating Universal Wire bypass...
      📊 Universal Wire Decoder Benchmark:
         - TCP Packet Stream -> SoA Allocation -> MLIR SIMD Math: 4.3773 ms

--- 🚀 [Orchestrator] Intercepted execution of revenue_app.main.get_revenue [TABULAR] ---
[Hijacker] 🗄️ Bypassing standard driver. Initiating Universal Wire bypass...
      📊 Universal Wire Decoder Benchmark:
         - TCP Packet Stream -> SoA Allocation -> MLIR SIMD Math: 4.5139 ms

--- 🚀 [Orchestrator] Intercepted execution of revenue_app.main.get_revenue [TABULAR] ---
[Hijacker] 🗄️ Bypassing standard driver. Initiating Universal Wire bypass...
      📊 Universal Wire Decoder Benchmark:
         - TCP Packet Stream -> SoA Allocation -> MLIR SIMD Math: 4.4321 ms

--- 🚀 [Orchestrator] Intercepted execution of revenue_app.main.get_revenue [TABULAR] ---
[Hijacker] 🗄️ Bypassing standard driver. Initiating Universal Wire bypass...
      📊 Universal Wire Decoder Benchmark:
         - TCP Packet Stream -> SoA Allocation -> MLIR SIMD Math: 4.7075 ms

--- 🚀 [Orchestrator] Intercepted execution of revenue_app.main.get_revenue [TABULAR] ---
[Hijacker] 🗄️ Bypassing standard driver. Initiating Universal Wire bypass...
      📊 Universal Wire Decoder Benchmark:
         - TCP Packet Stream -> SoA Allocation -> MLIR SIMD Math: 4.4539 ms

--- 🚀 [Orchestrator] Intercepted execution of revenue_app.main.get_revenue [TABULAR] ---
[Hijacker] 🗄️ Bypassing standard driver. Initiating Universal Wire bypass...
      📊 Universal Wire Decoder Benchmark:
         - TCP Packet Stream -> SoA Allocation -> MLIR SIMD Math: 4.4434 ms

--- 🚀 [Orchestrator] Intercepted execution of revenue_app.main.get_revenue [TABULAR] ---
[Hijacker] 🗄️ Bypassing standard driver. Initiating Universal Wire bypass...
      📊 Universal Wire Decoder Benchmark:
         - TCP Packet Stream -> SoA Allocation -> MLIR SIMD Math: 4.4133 ms

--- 🚀 [Orchestrator] Intercepted execution of revenue_app.main.get_revenue [TABULAR] ---
[Hijacker] 🗄️ Bypassing standard driver. Initiating Universal Wire bypass...
      📊 Universal Wire Decoder Benchmark:
         - TCP Packet Stream -> SoA Allocation -> MLIR SIMD Math: 5.6525 ms

--- 🚀 [Orchestrator] Intercepted execution of revenue_app.main.get_revenue [TABULAR] ---
[Hijacker] 🗄️ Bypassing standard driver. Initiating Universal Wire bypass...
      📊 Universal Wire Decoder Benchmark:
         - TCP Packet Stream -> SoA Allocation -> MLIR SIMD Math: 4.6219 ms

--- 🚀 [Orchestrator] Intercepted execution of revenue_app.main.get_revenue [TABULAR] ---
[Hijacker] 🗄️ Bypassing standard driver. Initiating Universal Wire bypass...
      📊 Universal Wire Decoder Benchmark:
         - TCP Packet Stream -> SoA Allocation -> MLIR SIMD Math: 4.6787 ms

--- 🚀 [Orchestrator] Intercepted execution of revenue_app.main.get_revenue [TABULAR] ---
[Hijacker] 🗄️ Bypassing standard driver. Initiating Universal Wire bypass...
      📊 Universal Wire Decoder Benchmark:
         - TCP Packet Stream -> SoA Allocation -> MLIR SIMD Math: 4.4515 ms

--- 🚀 [Orchestrator] Intercepted execution of revenue_app.main.get_revenue [TABULAR] ---
[Hijacker] 🗄️ Bypassing standard driver. Initiating Universal Wire bypass...
      📊 Universal Wire Decoder Benchmark:
         - TCP Packet Stream -> SoA Allocation -> MLIR SIMD Math: 4.6198 ms

--- 🚀 [Orchestrator] Intercepted execution of revenue_app.main.get_revenue [TABULAR] ---
[Hijacker] 🗄️ Bypassing standard driver. Initiating Universal Wire bypass...
      📊 Universal Wire Decoder Benchmark:
         - TCP Packet Stream -> SoA Allocation -> MLIR SIMD Math: 4.4841 ms

--- 🚀 [Orchestrator] Intercepted execution of revenue_app.main.get_revenue [TABULAR] ---
[Hijacker] 🗄️ Bypassing standard driver. Initiating Universal Wire bypass...
      📊 Universal Wire Decoder Benchmark:
         - TCP Packet Stream -> SoA Allocation -> MLIR SIMD Math: 4.4314 ms

--- 🚀 [Orchestrator] Intercepted execution of revenue_app.main.get_revenue [TABULAR] ---
[Hijacker] 🗄️ Bypassing standard driver. Initiating Universal Wire bypass...
      📊 Universal Wire Decoder Benchmark:
         - TCP Packet Stream -> SoA Allocation -> MLIR SIMD Math: 4.4351 ms

--- 🚀 [Orchestrator] Intercepted execution of revenue_app.main.get_revenue [TABULAR] ---
[Hijacker] 🗄️ Bypassing standard driver. Initiating Universal Wire bypass...
      📊 Universal Wire Decoder Benchmark:
         - TCP Packet Stream -> SoA Allocation -> MLIR SIMD Math: 4.3107 ms

--- 🚀 [Orchestrator] Intercepted execution of revenue_app.main.get_revenue [TABULAR] ---
[Hijacker] 🗄️ Bypassing standard driver. Initiating Universal Wire bypass...
      📊 Universal Wire Decoder Benchmark:
         - TCP Packet Stream -> SoA Allocation -> MLIR SIMD Math: 4.6683 ms

--- 🚀 [Orchestrator] Intercepted execution of revenue_app.main.get_revenue [TABULAR] ---
[Hijacker] 🗄️ Bypassing standard driver. Initiating Universal Wire bypass...
      📊 Universal Wire Decoder Benchmark:
         - TCP Packet Stream -> SoA Allocation -> MLIR SIMD Math: 4.4615 ms

--- 🚀 [Orchestrator] Intercepted execution of revenue_app.main.get_revenue [TABULAR] ---
[Hijacker] 🗄️ Bypassing standard driver. Initiating Universal Wire bypass...
      📊 Universal Wire Decoder Benchmark:
         - TCP Packet Stream -> SoA Allocation -> MLIR SIMD Math: 4.4759 ms

--- 🚀 [Orchestrator] Intercepted execution of revenue_app.main.get_revenue [TABULAR] ---
[Hijacker] 🗄️ Bypassing standard driver. Initiating Universal Wire bypass...
      📊 Universal Wire Decoder Benchmark:
         - TCP Packet Stream -> SoA Allocation -> MLIR SIMD Math: 4.4578 ms

--- 🚀 [Orchestrator] Intercepted execution of revenue_app.main.get_revenue [TABULAR] ---
[Hijacker] 🗄️ Bypassing standard driver. Initiating Universal Wire bypass...
      📊 Universal Wire Decoder Benchmark:
         - TCP Packet Stream -> SoA Allocation -> MLIR SIMD Math: 4.6752 ms

--- 🚀 [Orchestrator] Intercepted execution of revenue_app.main.get_revenue [TABULAR] ---
[Hijacker] 🗄️ Bypassing standard driver. Initiating Universal Wire bypass...
      📊 Universal Wire Decoder Benchmark:
         - TCP Packet Stream -> SoA Allocation -> MLIR SIMD Math: 6.0023 ms

--- 🚀 [Orchestrator] Intercepted execution of revenue_app.main.get_revenue [TABULAR] ---
[Hijacker] 🗄️ Bypassing standard driver. Initiating Universal Wire bypass...
      📊 Universal Wire Decoder Benchmark:
         - TCP Packet Stream -> SoA Allocation -> MLIR SIMD Math: 4.5939 ms

--- 🚀 [Orchestrator] Intercepted execution of revenue_app.main.get_revenue [TABULAR] ---
[Hijacker] 🗄️ Bypassing standard driver. Initiating Universal Wire bypass...
      📊 Universal Wire Decoder Benchmark:
         - TCP Packet Stream -> SoA Allocation -> MLIR SIMD Math: 4.6430 ms

--- 🚀 [Orchestrator] Intercepted execution of revenue_app.main.get_revenue [TABULAR] ---
[Hijacker] 🗄️ Bypassing standard driver. Initiating Universal Wire bypass...
      📊 Universal Wire Decoder Benchmark:
         - TCP Packet Stream -> SoA Allocation -> MLIR SIMD Math: 4.5838 ms

--- 🚀 [Orchestrator] Intercepted execution of revenue_app.main.get_revenue [TABULAR] ---
[Hijacker] 🗄️ Bypassing standard driver. Initiating Universal Wire bypass...
      📊 Universal Wire Decoder Benchmark:
         - TCP Packet Stream -> SoA Allocation -> MLIR SIMD Math: 4.3537 ms

--- 🚀 [Orchestrator] Intercepted execution of revenue_app.main.get_revenue [TABULAR] ---
[Hijacker] 🗄️ Bypassing standard driver. Initiating Universal Wire bypass...
      📊 Universal Wire Decoder Benchmark:
         - TCP Packet Stream -> SoA Allocation -> MLIR SIMD Math: 4.9074 ms

--- 🚀 [Orchestrator] Intercepted execution of revenue_app.main.get_revenue [TABULAR] ---
[Hijacker] 🗄️ Bypassing standard driver. Initiating Universal Wire bypass...
      📊 Universal Wire Decoder Benchmark:
         - TCP Packet Stream -> SoA Allocation -> MLIR SIMD Math: 4.6624 ms

--- 🚀 [Orchestrator] Intercepted execution of revenue_app.main.get_revenue [TABULAR] ---
[Hijacker] 🗄️ Bypassing standard driver. Initiating Universal Wire bypass...
      📊 Universal Wire Decoder Benchmark:
         - TCP Packet Stream -> SoA Allocation -> MLIR SIMD Math: 4.5943 ms

--- 🚀 [Orchestrator] Intercepted execution of revenue_app.main.get_revenue [TABULAR] ---
[Hijacker] 🗄️ Bypassing standard driver. Initiating Universal Wire bypass...
      📊 Universal Wire Decoder Benchmark:
         - TCP Packet Stream -> SoA Allocation -> MLIR SIMD Math: 4.3534 ms

--- 🚀 [Orchestrator] Intercepted execution of revenue_app.main.get_revenue [TABULAR] ---
[Hijacker] 🗄️ Bypassing standard driver. Initiating Universal Wire bypass...
      📊 Universal Wire Decoder Benchmark:
         - TCP Packet Stream -> SoA Allocation -> MLIR SIMD Math: 4.4184 ms

--- 🚀 [Orchestrator] Intercepted execution of revenue_app.main.get_revenue [TABULAR] ---
[Hijacker] 🗄️ Bypassing standard driver. Initiating Universal Wire bypass...
      📊 Universal Wire Decoder Benchmark:
         - TCP Packet Stream -> SoA Allocation -> MLIR SIMD Math: 4.7305 ms

--- 🚀 [Orchestrator] Intercepted execution of revenue_app.main.get_revenue [TABULAR] ---
[Hijacker] 🗄️ Bypassing standard driver. Initiating Universal Wire bypass...
      📊 Universal Wire Decoder Benchmark:
         - TCP Packet Stream -> SoA Allocation -> MLIR SIMD Math: 4.6013 ms

--- 🚀 [Orchestrator] Intercepted execution of revenue_app.main.get_revenue [TABULAR] ---
[Hijacker] 🗄️ Bypassing standard driver. Initiating Universal Wire bypass...
      📊 Universal Wire Decoder Benchmark:
         - TCP Packet Stream -> SoA Allocation -> MLIR SIMD Math: 4.5137 ms

--- 🚀 [Orchestrator] Intercepted execution of revenue_app.main.get_revenue [TABULAR] ---
[Hijacker] 🗄️ Bypassing standard driver. Initiating Universal Wire bypass...
      📊 Universal Wire Decoder Benchmark:
         - TCP Packet Stream -> SoA Allocation -> MLIR SIMD Math: 4.5013 ms

--- 🚀 [Orchestrator] Intercepted execution of revenue_app.main.get_revenue [TABULAR] ---
[Hijacker] 🗄️ Bypassing standard driver. Initiating Universal Wire bypass...
      📊 Universal Wire Decoder Benchmark:
         - TCP Packet Stream -> SoA Allocation -> MLIR SIMD Math: 5.7138 ms

--- 🚀 [Orchestrator] Intercepted execution of revenue_app.main.get_revenue [TABULAR] ---
[Hijacker] 🗄️ Bypassing standard driver. Initiating Universal Wire bypass...
      📊 Universal Wire Decoder Benchmark:
         - TCP Packet Stream -> SoA Allocation -> MLIR SIMD Math: 4.7668 ms

--- 🚀 [Orchestrator] Intercepted execution of revenue_app.main.get_revenue [TABULAR] ---
[Hijacker] 🗄️ Bypassing standard driver. Initiating Universal Wire bypass...
      📊 Universal Wire Decoder Benchmark:
         - TCP Packet Stream -> SoA Allocation -> MLIR SIMD Math: 4.4797 ms

--- 🚀 [Orchestrator] Intercepted execution of revenue_app.main.get_revenue [TABULAR] ---
[Hijacker] 🗄️ Bypassing standard driver. Initiating Universal Wire bypass...
      📊 Universal Wire Decoder Benchmark:
         - TCP Packet Stream -> SoA Allocation -> MLIR SIMD Math: 4.2942 ms

--- 🚀 [Orchestrator] Intercepted execution of revenue_app.main.get_revenue [TABULAR] ---
[Hijacker] 🗄️ Bypassing standard driver. Initiating Universal Wire bypass...
      📊 Universal Wire Decoder Benchmark:
         - TCP Packet Stream -> SoA Allocation -> MLIR SIMD Math: 4.4092 ms

--- 🚀 [Orchestrator] Intercepted execution of revenue_app.main.get_revenue [TABULAR] ---
[Hijacker] 🗄️ Bypassing standard driver. Initiating Universal Wire bypass...
      📊 Universal Wire Decoder Benchmark:
         - TCP Packet Stream -> SoA Allocation -> MLIR SIMD Math: 4.6672 ms

--- 🚀 [Orchestrator] Intercepted execution of revenue_app.main.get_revenue [TABULAR] ---
[Hijacker] 🗄️ Bypassing standard driver. Initiating Universal Wire bypass...
      📊 Universal Wire Decoder Benchmark:
         - TCP Packet Stream -> SoA Allocation -> MLIR SIMD Math: 4.4035 ms

--- 🚀 [Orchestrator] Intercepted execution of revenue_app.main.get_revenue [TABULAR] ---
[Hijacker] 🗄️ Bypassing standard driver. Initiating Universal Wire bypass...
      📊 Universal Wire Decoder Benchmark:
         - TCP Packet Stream -> SoA Allocation -> MLIR SIMD Math: 4.3785 ms

--- 🚀 [Orchestrator] Intercepted execution of revenue_app.main.get_revenue [TABULAR] ---
[Hijacker] 🗄️ Bypassing standard driver. Initiating Universal Wire bypass...
      📊 Universal Wire Decoder Benchmark:
         - TCP Packet Stream -> SoA Allocation -> MLIR SIMD Math: 4.4063 ms

--- 🚀 [Orchestrator] Intercepted execution of revenue_app.main.get_revenue [TABULAR] ---
[Hijacker] 🗄️ Bypassing standard driver. Initiating Universal Wire bypass...
      📊 Universal Wire Decoder Benchmark:
         - TCP Packet Stream -> SoA Allocation -> MLIR SIMD Math: 4.5432 ms

--- 🚀 [Orchestrator] Intercepted execution of revenue_app.main.get_revenue [TABULAR] ---
[Hijacker] 🗄️ Bypassing standard driver. Initiating Universal Wire bypass...
      📊 Universal Wire Decoder Benchmark:
         - TCP Packet Stream -> SoA Allocation -> MLIR SIMD Math: 4.7028 ms

--- 🚀 [Orchestrator] Intercepted execution of revenue_app.main.get_revenue [TABULAR] ---
[Hijacker] 🗄️ Bypassing standard driver. Initiating Universal Wire bypass...
      📊 Universal Wire Decoder Benchmark:
         - TCP Packet Stream -> SoA Allocation -> MLIR SIMD Math: 4.3737 ms

--- 🚀 [Orchestrator] Intercepted execution of revenue_app.main.get_revenue [TABULAR] ---
[Hijacker] 🗄️ Bypassing standard driver. Initiating Universal Wire bypass...
      📊 Universal Wire Decoder Benchmark:
         - TCP Packet Stream -> SoA Allocation -> MLIR SIMD Math: 4.4801 ms

--- 🚀 [Orchestrator] Intercepted execution of revenue_app.main.get_revenue [TABULAR] ---
[Hijacker] 🗄️ Bypassing standard driver. Initiating Universal Wire bypass...
      📊 Universal Wire Decoder Benchmark:
         - TCP Packet Stream -> SoA Allocation -> MLIR SIMD Math: 4.4870 ms

--- 🚀 [Orchestrator] Intercepted execution of revenue_app.main.get_revenue [TABULAR] ---
[Hijacker] 🗄️ Bypassing standard driver. Initiating Universal Wire bypass...
      📊 Universal Wire Decoder Benchmark:
         - TCP Packet Stream -> SoA Allocation -> MLIR SIMD Math: 6.1814 ms

--- 🚀 [Orchestrator] Intercepted execution of revenue_app.main.get_revenue [TABULAR] ---
[Hijacker] 🗄️ Bypassing standard driver. Initiating Universal Wire bypass...
      📊 Universal Wire Decoder Benchmark:
         - TCP Packet Stream -> SoA Allocation -> MLIR SIMD Math: 4.5105 ms

--- 🚀 [Orchestrator] Intercepted execution of revenue_app.main.get_revenue [TABULAR] ---
[Hijacker] 🗄️ Bypassing standard driver. Initiating Universal Wire bypass...
      📊 Universal Wire Decoder Benchmark:
         - TCP Packet Stream -> SoA Allocation -> MLIR SIMD Math: 4.6953 ms

--- 🚀 [Orchestrator] Intercepted execution of revenue_app.main.get_revenue [TABULAR] ---
[Hijacker] 🗄️ Bypassing standard driver. Initiating Universal Wire bypass...
      📊 Universal Wire Decoder Benchmark:
         - TCP Packet Stream -> SoA Allocation -> MLIR SIMD Math: 4.4580 ms
  - Final Result[0,0]: 5.870549166109413
  - Avg Speed: 5.8705 ms
